time,Ahrs1_Roll,Ahrs1_bRollRate,Ahrs1_bYawRate
3290.0,-0.0449582662553703,-0.009741089784813186,-0.0033697093579489646
3290.1,-0.045927917926172325,-0.00971559984024975,-0.0031917715884123917
3290.2,-0.04688675217260206,-0.009614491567670682,-0.0030715069308630827
3290.3,-0.04782636827551984,-0.009426689204954881,-0.0030119327997139202
3290.3999999999996,-0.04873999232162907,-0.009184987178066666,-0.00299662538628599
3290.5,-0.04962635871973974,-0.008952516780828522,-0.002998374945376182
3290.6,-0.05049027480706173,-0.008787122052843118,-0.0029957464526539274
3290.7,-0.05133971787462715,-0.008710316493125377,-0.002985198439197191
3290.8,-0.05218183627478891,-0.008700452017597544,-0.0029802660359188053
3290.8999999999996,-0.05302031661792195,-0.008709524587186615,-0.0030007506486868043
3291.0,-0.05385481119101955,-0.00868672825309,-0.0030619161061800795
3291.1,-0.054681483534127454,-0.008592853431894793,-0.003170613468166103
3291.2,-0.05549375163148588,-0.008403829495377388,-0.003328013257156813
3291.3,-0.05628339497395959,-0.008112544197181982,-0.003534702448632815
3291.3999999999996,-0.05704246417649348,-0.00773328842844913,-0.003793843278535095
3291.5,-0.05776555127398272,-0.007302132067468743,-0.004110127174757833
3291.6,-0.058451396142096365,-0.006868019626766568,-0.00448547628060202
3291.7,-0.05910340589721115,-0.006480600376707661,-0.00491460129134921
3291.8,-0.05972946658330569,-0.006183210298300461,-0.005383619285946362
3291.8999999999996,-0.0603413776008871,-0.00601042322604687,-0.005872561377011996
3292.0,-0.06095365664474838,-0.005984079087820545,-0.006359793968228972
3292.1,-0.06158138390962551,-0.006106286755447737,-0.006826315299283042
3292.2,-0.062237560227223154,-0.006354389768730434,-0.007258904434275245
3292.3,-0.062930983876965,-0.006682968918178853,-0.007651034494253692
3292.3999999999996,-0.06366517426712262,-0.007032498075883804,-0.008000686566427419
3292.5,-0.06443815747890315,-0.0073414299453339596,-0.008306071406737645
3292.6,-0.06524284600008713,-0.007559963695241384,-0.008562415439522528
3292.7,-0.06606832322856769,-0.007663135588587213,-0.00876257686572471
3292.8,-0.06690245789759602,-0.007658672358526992,-0.00890021351531428
3292.8999999999996,-0.06773536404076826,-0.007586470337696896,-0.0089716078674763
3293.0,-0.06856229186812605,-0.007508534728427329,-0.008974997357630115
3293.1,-0.06938454593523155,-0.007486976997018735,-0.008909322226654316
3293.2,-0.07020748374318475,-0.007549353964019658,-0.008773475447627162
3293.3,-0.07103510541389177,-0.007649218126450132,-0.008565907278188057
3293.3999999999996,-0.07186151811227474,-0.007638575414489448,-0.008285719273518398
3293.5,-0.07266109437272046,-0.007273327430729902,-0.00793635311434815
3293.6,-0.07338142870865651,-0.006269732079180935,-0.007529956354106855
3293.7,-0.07394456346869839,-0.004409164154005518,-0.007089312646276057
3293.8,-0.07425978528694963,-0.0016482692083834422,-0.006646000399375364
3293.8999999999996,-0.07424504314828909,0.0018344397435155553,-0.006235339032282279
3294.0,-0.07384769576130457,0.00569398306524762,-0.0058897070082656695
3294.1,-0.07305489904254904,0.009543658254584439,-0.005632248658116208
3294.2,-0.07189027876861863,0.013074918359549432,-0.005473305602482773
3294.3,-0.07040102065449305,0.016116634176408164,-0.005410843911962663
3294.3999999999996,-0.06864312722257275,0.018622804317296196,-0.0054330633937918005
3294.5,-0.06667138747355521,0.020615869250504272,-0.005519786834526997
3294.6,-0.0645362215707216,0.022129114626645446,-0.005641454036467663
3294.7,-0.06228484327180107,0.023180910354366674,-0.005758260695103114
3294.8,-0.059962289640749046,0.023787081674257284,-0.005823586877292551
3294.8999999999996,-0.05760965447962948,0.02399228071085745,-0.0057936673825240296
3295.0,-0.055259862439368396,0.023889877057446423,-0.00564017814941198
3295.1,-0.05293336052351485,0.023611685777318724,-0.00535827902470184
3295.2,-0.05063636462738442,0.023295029378707022,-0.004964671430273992
3295.3,-0.048362860367856024,0.023048094000805704,-0.004487656774504188
3295.3999999999996,-0.046099655954670915,0.022926593636477387,-0.003956569384172801
3295.5,-0.043832810073827166,0.02292492371581169,-0.003396710533662903
3295.6,-0.04155356481850517,0.022984546819267468,-0.0028298890214218907
3295.7,-0.03926179699175938,0.023020822944563774,-0.0022757724526024947
3295.8,-0.0369658081425979,0.02295742163673347,-0.0017507062474718573
3295.8999999999996,-0.034679320952283335,0.022746000451600832,-0.001266199798478708
3296.0,-0.03241850904931585,0.022357794146268917,-0.0008301973441615763
3296.1,-0.03020173035186173,0.0217605256290269,-0.0004499344449915197
3296.2,-0.028051446466621693,0.020912584998947607,-0.0001328562757339895
3296.3,-0.02599456897887329,0.01979109860265438,0.00011547743769899422
3296.3999999999996,-0.024058463717779272,0.018428517149710406,0.0002944630778877586
3296.5,-0.022264820634818754,0.01691030584059207,0.0004108079991218167
3296.6,-0.02062684847236508,0.015320628343406879,0.0004793024246120416
3296.7,-0.019152468265241075,0.013684423999309102,0.0005200887709350608
3296.8,-0.017849991332463767,0.011966556650643584,0.0005517739995826463
3296.8999999999996,-0.016730380825704588,0.010125528168634023,0.0005835491674408044
3297.0,-0.015804744753322168,0.008159322037558236,0.0006104694894188086
3297.1,-0.015081049510481804,0.006102245175386597,0.0006142946989166255
3297.2,-0.014563741865425608,0.003993141271918614,0.0005708457150723322
3297.3,-0.01425583491540956,0.0018554907639443848,0.00046254853810032284
3297.3999999999996,-0.014160293180002502,-0.00029399101464326166,0.0002901665109168096
3297.5,-0.014278477385828853,-0.0024220576213896347,7.450125411324773e-05
3297.6,-0.014606594713608789,-0.004468588076188281,-0.00015590342898021841
3297.7,-0.015133100627019584,-0.006359322764161294,-0.0003820247124433427
3297.8,-0.015838488031723157,-0.008021834336028707,-0.0006008030744188762
3297.8999999999996,-0.01669610015981552,-0.009387248781947032,-0.0008153166686757186
3298.0,-0.01767259294467977,-0.010391955789609659,-0.0010204499318212578
3298.1,-0.018729281887117723,-0.011000508088176961,-0.0012003852552784978
3298.2,-0.019826629597932268,-0.011238984622280183,-0.0013412268867855738
3298.3,-0.020931437983613986,-0.011203486543191277,-0.0014458535195911257
3298.3999999999996,-0.022022842799050344,-0.011027058571418424,-0.0015365984453450533
3298.5,-0.023093576129164885,-0.010829673138226917,-0.0016449601166311281
3298.6,-0.024146861849230043,-0.010688793600010403,-0.0018002258248153895
3298.7,-0.025191934680188405,-0.010639935859097267,-0.00202707581522424
3298.8,-0.026240256201606218,-0.010687742467490895,-0.002349338833894778
3298.8999999999996,-0.02730252899231948,-0.01081201388698706,-0.0027901448025141936
3299.0,-0.028386297307919594,-0.010973140723394685,-0.003365249709408251
3299.1,-0.029494691537359355,-0.011126394051642495,-0.004074753283384266
3299.2,-0.030626913201236377,-0.011241367072046324,-0.00489873520046254
3299.3,-0.03178016964220759,-0.011314417651684096,-0.005798414645743764
3299.3999999999996,-0.03295226790793761,-0.011369035836941542,-0.006721730856606975
3299.5,-0.03414426798151755,-0.011449262850584181,-0.00761142240788711
3299.6,-0.035362554512634065,-0.011611737956072747,-0.00841402954401516
3299.7,-0.036619340980083126,-0.011914487682985395,-0.009088195466864669
3299.8,-0.037931011631096585,-0.012401239058994066,-0.009609939599062823
3299.8999999999996,-0.03931519082014546,-0.013088728905581565,-0.00997305517642091
3300.0,-0.04078804915325309,-0.013963065923089138,-0.010184909389458981
3300.1,-0.042362170419210365,-0.01498081455114404,-0.010259635923650678
3300.2,-0.04404424377948742,-0.016069892914057048,-0.010211432839203994
3300.3,-0.045832380742891754,-0.017134814589818737,-0.010050535947550296
3300.3999999999996,-0.047714383251913586,-0.018073868349222155,-0.00978317485456188
3300.5,-0.049668843072732886,-0.018805977484150846,-0.009415017748883604
3300.6,-0.0516694702742328,-0.019293919913430917,-0.008956125125621729
3300.7,-0.05369079092828414,-0.019550742782662146,-0.008424835019616553
3300.8,-0.05571251516105436,-0.01962527260396383,-0.007848780865928362
3300.8999999999996,-0.05772091594659703,-0.019574116265576657,-0.007263289918151381
3301.0,-0.05970725857439021,-0.01943559700714513,-0.006708337991435529
3301.1,-0.061664763870666855,-0.019220812872446712,-0.006223874596488152
3301.2,-0.0635862693686061,-0.01892624288207296,-0.005843194130719271
3301.3,-0.06546422293314791,-0.018555525217892162,-0.005586049222422273
3301.3999999999996,-0.06729264048999728,-0.018129904993129817,-0.005453849246573455
3301.5,-0.06906880060993745,-0.017677880905259537,-0.005428437997506911
3301.6,-0.07079278630827823,-0.017215123128197563,-0.00547588364564481
3301.7,-0.07246509798184507,-0.016734258795590096,-0.005556730663174859
3301.8,-0.07408431406331613,-0.016213484493987646,-0.00564104685233614
3301.8999999999996,-0.07564665792759746,-0.015637269346985144,-0.005720707410343087
3302.0,-0.07714791867814809,-0.015014762693608057,-0.005809903970338765
3302.1,-0.07858665579356591,-0.014383848799927634,-0.005933519516214751
3302.2,-0.0799666877872724,-0.013797415561844594,-0.006113409146338254
3302.3,-0.08129700524998644,-0.013298662970587363,-0.006361951552575632
3302.3999999999996,-0.08258874538763432,-0.012900424964873453,-0.00668278396964143
3302.5,-0.08385114626147604,-0.012582719706132695,-0.007073420475743807
3302.6,-0.0850893920354905,-0.012309466067998941,-0.007527344919382974
3302.7,-0.0863056078087782,-0.012051565796113542,-0.008036246018563913
3302.8,-0.08750163860365087,-0.011802733653983322,-0.00859225785062759
3302.8999999999996,-0.08868146218488121,-0.011581356281652577,-0.009188854531748473
3303.0,-0.08985212036337603,-0.011418436859683353,-0.009819451702982231
3303.1,-0.09102299280821394,-0.011339048618669554,-0.010474035369961748
3303.2,-0.09220381862628978,-0.011349280261684653,-0.011135369951864562
3303.3,-0.09340258073618088,-0.011436176309556585,-0.011776765750122872
3303.3999999999996,-0.09462441331567553,-0.011578543618470315,-0.012362570274742057
3303.5,-0.09587189214411954,-0.011760491239601704,-0.01285196795303513
3303.6,-0.09714625395944193,-0.011977756641336462,-0.013206650061866533
3303.7,-0.09844855739517187,-0.012232305394015947,-0.013400811986513179
3303.8,-0.09977998575915534,-0.012524941032242037,-0.013429303431480818
3303.8999999999996,-0.10114172711335376,-0.012858159675481274,-0.01330986799166773
3304.0,-0.10253548809868511,-0.01324113977088233,-0.013077693397927645
3304.1,-0.10396434457118332,-0.013679799277938847,-0.012774027004420279
3304.2,-0.10543214319617775,-0.014157086961385554,-0.012434508235064532
3304.3,-0.10694048443516796,-0.01462604482187974,-0.012083339987937536
3304.3999999999996,-0.10848518942592705,-0.015026455098780117,-0.01173473318138609
3304.5,-0.11005554764750661,-0.015311055069123638,-0.011398030214785445
3304.6,-0.11163722359271508,-0.015458959843286026,-0.011082551776306007
3304.7,-0.11321618924766486,-0.015471327771588122,-0.010800501003229932
3304.8,-0.11478075573107621,-0.015361330251207542,-0.010567073397552211
3304.8999999999996,-0.11632145501959631,-0.015147453329677242,-0.01039738897880274
3305.0,-0.11783041559974672,-0.014850330140145994,-0.010301984524959219
3305.1,-0.11930142115290915,-0.014491093530008253,-0.010284414000239144
3305.2,-0.12073045996132198,-0.01408948211210408,-0.010342889814811611
3305.3,-0.12211600859878245,-0.01366148737137314,-0.010473582456533029
3305.3999999999996,-0.12345860987833499,-0.013219308225602244,-0.010671904337669045
3305.5,-0.1247600004559691,-0.01277562208711877,-0.010931723241549068
3305.6,-0.12602262403759693,-0.01234888270688691,-0.011244968295318491
3305.7,-0.12725003084173558,-0.011963655795677031,-0.011602087486263447
3305.8,-0.12844773857593325,-0.01164466945896837,-0.011990957174068955
3305.8999999999996,-0.12962363275548655,-0.011410021622258452,-0.012393095688436098
3306.0,-0.13078728348915902,-0.01126872520173352,-0.012780415370125258
3306.1,-0.13194837729719033,-0.011221917843764242,-0.01311696906373902
3306.2,-0.13311517901009914,-0.011264432106971081,-0.013366394280290543
3306.3,-0.13429372739143322,-0.01138443678326917,-0.013502270129150791
3306.3999999999996,-0.1354876072703149,-0.01156082210719011,-0.013518263982551225
3306.5,-0.1366978573469036,-0.011761589900275949,-0.0134340723561652
3306.6,-0.13792290464753043,-0.01194799929448024,-0.013291711022142109
3306.7,-0.13915867118947553,-0.012084253320413936,-0.013141062014021782
3306.8,-0.14039903993870723,-0.01214661250209149,-0.01302243734513677
3306.8999999999996,-0.14163689475698987,-0.012127326724563757,-0.012956473664509105
3307.0,-0.14286563608105296,-0.012033491443231075,-0.012945212267187386
3307.1,-0.14408035313274528,-0.011881913794917277,-0.012981119732994243
3307.2,-0.14527782936112907,-0.011690738208004061,-0.013057575251850738
3307.3,-0.14645557795791928,-0.011472332938624697,-0.013174585419918521
3307.3999999999996,-0.14761116085752282,-0.011234374082627716,-0.013337650908509179
3307.5,-0.14874281301897224,-0.010987706109808707,-0.013552955221839295
3307.6,-0.14985084848767205,-0.010750250227177382,-0.013822888722521619
3307.7,-0.15093844316837,-0.010541385272966067,-0.014143248403859741
3307.8,-0.15201103631733798,-0.01037296236114972,-0.01450194784659657
3307.8999999999996,-0.15307470876944665,-0.010245400362453421,-0.014879744218263777
3308.0,-0.15413455339755222,-0.010151067546268738,-0.01525389700844599
3308.1,-0.15519399598562944,-0.010082243909495966,-0.015604051744656218
3308.2,-0.1562553291509976,-0.010038831937243057,-0.015917119071189624
3308.3,-0.15732088093007346,-0.010030638913821346,-0.01618775807187707
3308.3999999999996,-0.15839385357939162,-0.010072781248279693,-0.016414727157540627
3308.5,-0.15947827108358262,-0.010177489951021778,-0.016597071852219016
3308.6,-0.1605783731195185,-0.010346890267592083,-0.016733312454256154
3308.7,-0.16169809053213474,-0.010569918677727356,-0.016823401340936725
3308.8,-0.1628406704945788,-0.010823823302353288,-0.016871418956539968
3308.8999999999996,-0.16400790014261057,-0.01107840624358166,-0.016886405104025552
3309.0,-0.16519872229406313,-0.011302058844441321,-0.016879556698144033
3309.1,-0.16640832847627562,-0.011470153548206633,-0.016859545578293268
3309.2,-0.1676292361205135,-0.011573209554445345,-0.016830483320161516
3309.3,-0.16885424660308984,-0.011618620392946422,-0.016794526922700063
3309.3999999999996,-0.1700790775222829,-0.011623179549714868,-0.016756025039163472
3309.5,-0.17130246741902058,-0.011601679722192773,-0.01672297839968976
3309.6,-0.1725240055262482,-0.011560377906879677,-0.016705034429548543
3309.7,-0.17374200575120224,-0.011499216115984553,-0.016710521553792056
3309.8,-0.17495319382580146,-0.011418754332736493,-0.016744710459746973
3309.8999999999996,-0.17615402312166162,-0.011324133353233313,-0.01680941407696539
3310.0,-0.17734220451591104,-0.011222157248660044,-0.016903603560121185
3310.1,-0.17851716300940304,-0.011115779906362271,-0.017025125533609953
3310.2,-0.17967934754276155,-0.011003319513296424,-0.017172769867751677
3310.3,-0.18082939738031453,-0.010883816982851473,-0.01734741538290978
3310.3999999999996,-0.18196802374302457,-0.010763353307368781,-0.01755193628760941
3310.5,-0.18309670948451368,-0.010657043850724352,-0.017789813756127027
3310.6,-0.1842186394869428,-0.010585418181066905,-0.018061478797640224
3310.7,-0.18533909486746472,-0.0105671492358419,-0.018359260465910403
3310.8,-0.18646495061508128,-0.010611129147034862,-0.01866593482746273
3310.8999999999996,-0.18760338256000952,-0.010711149281790419,-0.01896077261868788
3311.0,-0.18876012412957316,-0.0108467379967002,-0.019229571462760046
3311.1,-0.18993784350617307,-0.0109915315546114,-0.01947030878599201
3311.2,-0.1911354898078757,-0.011124929491596488,-0.019690303647260134
3311.3,-0.1923491312074263,-0.011239239557421215,-0.01989820375428347
3311.3999999999996,-0.1935739277213745,-0.011338502690114351,-0.020096487552345405
3311.5,-0.19480629374876554,-0.011432177146003093,-0.020278377279456146
3311.6,-0.1960452443132262,-0.011528407680322582,-0.02043069515199526
3311.7,-0.19729221203989725,-0.011629708879496648,-0.0205411377391717
3311.8,-0.198549429251343,-0.011733109158407685,-0.020605275042326437
3311.8999999999996,-0.19981804654298235,-0.011833649573420656,-0.02062876531308207
3312.0,-0.20109734074216545,-0.011926976492174585,-0.020624455448930806
3312.1,-0.20238526698527895,-0.012009733854384478,-0.020607505026158927
3312.2,-0.20367957500527203,-0.012080384176166484,-0.020590855441053286
3312.3,-0.2049786749192547,-0.01214125542573677,-0.02058143770403831
3312.3999999999996,-0.2062819063814121,-0.012199115322058711,-0.020578225677831224
3312.5,-0.20758928291996287,-0.012262133868925341,-0.020574337700980883
3312.6,-0.20890095133139108,-0.012333808125627375,-0.02056268633290436
3312.7,-0.2102165023681794,-0.012407050682811857,-0.020541181383008936
3312.8,-0.21153431747925622,-0.01246298946425509,-0.020514210207894394
3312.8999999999996,-0.2128512000620425,-0.012476796015944022,-0.02049041477337525
3313.0,-0.21416242902246044,-0.012429271101726197,-0.02047936943187685
3313.1,-0.21546248504932383,-0.012319559014840937,-0.020489729330277442
3313.2,-0.21674666059721912,-0.012170047663707852,-0.020528833269739845
3313.3,-0.21801303000753666,-0.012016517623290226,-0.020602216036830573
3313.3999999999996,-0.21926352218367262,-0.01188920962338628,-0.02071256910073191
3313.5,-0.22050329683135525,-0.011800133682186935,-0.020858755750003503
3313.6,-0.22173885601590437,-0.011745852140993596,-0.021035393142492573
3313.7,-0.2229759647718123,-0.011719685301587977,-0.021233134471772237
3313.8,-0.2242182758608707,-0.011720064159163086,-0.02143945154145887
3313.8999999999996,-0.22546708759161102,-0.011748410450490144,-0.021639829627969887
3314.0,-0.2267221761905226,-0.011800927045197515,-0.021820359817575585
3314.1,-0.2279829702862589,-0.01186428569604736,-0.021972417337402506
3314.2,-0.22924907554813764,-0.011921765143656421,-0.022096936255512033
3314.3,-0.23052008620085246,-0.011965346765118902,-0.02220402854180105
3314.3999999999996,-0.23179554061279226,-0.01200129356863117,-0.022307237658601962
3314.5,-0.2330753468792008,-0.012043168182621704,-0.0224169636499256
3314.6,-0.2343600854946109,-0.012099607344564717,-0.022537798535081078
3314.7,-0.23565067701665543,-0.012167675059725264,-0.0226696972539774
3314.8,-0.23694754818184915,-0.01223437436549931,-0.022809848411973196
3314.8999999999996,-0.23824980413109123,-0.01228181935149835,-0.022954008053079396
3315.0,-0.2395548548458718,-0.012293287402530353,-0.023098560655941167
3315.1,-0.24085885043136243,-0.012259865219598508,-0.02324353223362632
3315.2,-0.24215795504452814,-0.012185273043526684,-0.023394014820745858
3315.3,-0.24344970759196893,-0.012085292869847731,-0.023557480110923755
3315.3999999999996,-0.24473358235663256,-0.011981262911261979,-0.023737976937346583
3315.5,-0.24601062202907284,-0.011890855159318064,-0.02393146303786242
3315.6,-0.2472825306878096,-0.011821048652252942,-0.024125850112054856
3315.7,-0.2485506522686665,-0.011767805967348496,-0.02430548924916867
3315.8,-0.24981537885764632,-0.011723041354183877,-0.024457096996563975
3315.8999999999996,-0.25107636838730024,-0.011682611255698373,-0.02457400817350305
3316.0,-0.2523332749532112,-0.011647251004784122,-0.024656957153058958
3316.1,-0.2535861953327842,-0.011615743500467374,-0.024711661470373614
3316.2,-0.25483505050910615,-0.011578463761006283,-0.024745681285507286
3316.3,-0.2560783244030605,-0.011520129976165276,-0.02476703480016358
3316.3999999999996,-0.2573129215933178,-0.011432029211735743,-0.024784614944326083
3316.5,-0.25853606311809063,-0.01132417449236003,-0.02480844207608418
3316.6,-0.25974787766551183,-0.011226330607366131,-0.024848101776899577
3316.7,-0.26095257263055516,-0.011175460615928992,-0.024909851856732515
3316.8,-0.2621574887936779,-0.011197705596116079,-0.024994394345470152
3316.8999999999996,-0.26337085568393914,-0.01129644405301407,-0.025096957455691692
3317.0,-0.2645993676398346,-0.011453206398220204,-0.025209727739529283
3317.1,-0.2658465771162043,-0.011639228472948286,-0.025325144283035124
3317.2,-0.2671128493931562,-0.011828464395156115,-0.025438392548230486
3317.3,-0.2683965414058478,-0.012003923782264024,-0.025547934106054413
3317.3999999999996,-0.2696951168183882,-0.012156554445987556,-0.025653492877529754
3317.5,-0.27100562525000627,-0.012281525529827635,-0.025752763756809207
3317.6,-0.2723249780403941,-0.012376537208540733,-0.025840206389582013
3317.7,-0.273650296565882,-0.0124427898657863,-0.02591041677475136
3317.8,-0.27497921147905036,-0.012485324981073189,-0.02596377138207894
3317.8999999999996,-0.2763098625039065,-0.012509798549748997,-0.026008761029456668
3318.0,-0.2776405247185328,-0.012516996276645978,-0.026058812071811013
3318.1,-0.2789691453345302,-0.012499078801006225,-0.02612664762326362
3318.2,-0.2802931012836343,-0.012440945638627469,-0.026219785875446565
3318.3,-0.281609039455696,-0.012326716359068299,-0.02633890694415017
3318.3999999999996,-0.2829125378375653,-0.012147137326844158,-0.026479813736932655
3318.5,-0.284197912001535,-0.011903161242451174,-0.026637390638353953
3318.6,-0.28545885402350485,-0.01160560258725869,-0.026808005653932192
3318.7,-0.2866900589281118,-0.011274511801612026,-0.02698895057143606
3318.8,-0.2878890455411969,-0.010938866344220336,-0.027177173823037935
3318.8999999999996,-0.2890571263371663,-0.0106322532631845,-0.027370261919652448
3319.0,-0.2901990316374801,-0.0103829336723649,-0.027569175336671917
3319.1,-0.2913213805023369,-0.010204282017018198,-0.02777845470372907
3319.2,-0.2924307910980344,-0.010092785115979438,-0.02800143950162617
3319.3,-0.29353260970889683,-0.010033960614249516,-0.028234006328631073
3319.3999999999996,-0.29463071081901454,-0.010011050322141987,-0.028462952951761735
3319.5,-0.2957279433600705,-0.010011287047013878,-0.02867108601890032
3319.6,-0.29682655516005435,-0.010027697037226375,-0.028845034547622442
3319.7,-0.2979283683259792,-0.010058619676132637,-0.028979785202388066
3319.8,-0.2990349651681865,-0.010108156955829704,-0.029077525781632127
3319.8999999999996,-0.3001482568231733,-0.010186740079038439,-0.02914386166485394
3320.0,-0.30127124284354,-0.010307767192281549,-0.02918579247303704
3320.1,-0.3024082573807137,-0.010479403389712087,-0.02921195864504315
3320.2,-0.30356429860982215,-0.010696991419261557,-0.029232242295077374
3320.3,-0.30474374981262026,-0.010943561800494874,-0.02925516322534711
3320.3999999999996,-0.30594919972279544,-0.011199558753006633,-0.02928482317637173
3320.5,-0.3071810263846101,-0.01145356864446916,-0.029320066624774294
3320.6,-0.30843797842832016,-0.011704899032508632,-0.029356161138617054
3320.7,-0.30971832488407475,-0.011957626759909024,-0.02938725758786116
3320.8,-0.3110208088502993,-0.012212952687603976,-0.02940855711711594
3320.8999999999996,-0.312344753110706,-0.01246522842367805,-0.02941805966970256
3321.0,-0.3136893389691596,-0.012701479687323382,-0.0294179274758846
3321.1,-0.3150526749457678,-0.012902967778354337,-0.02941559800882919
3321.2,-0.31643110289852333,-0.013049700772161416,-0.029423963154895667
3321.3,-0.3178190040369853,-0.013128036707904701,-0.029459296047524154
3321.3999999999996,-0.31920947679699535,-0.013137349846132027,-0.029536938094619727
3321.5,-0.3205959226190218,-0.013090662075877176,-0.029666741429828142
3321.6,-0.3219737760556085,-0.013008719555459923,-0.029850645726890706
3321.7,-0.3233413730173534,-0.012911894157795535,-0.030083256288476422
3321.8,-0.3246994592901277,-0.012813860706316573,-0.030354737537940157
3321.8999999999996,-0.3260496608849737,-0.012717562472348861,-0.030654384787508173
3322.0,-0.32739278751792655,-0.012613674609340335,-0.030972966463026216
3322.1,-0.3287277133133975,-0.012484612499213012,-0.031303340730313545
3322.2,-0.33005144197768577,-0.01231674380827098,-0.03164052061734395
3322.3,-0.331360658590848,-0.01211591865545639,-0.03198175282623083
3322.3999999999996,-0.3326541304694565,-0.011913850464124201,-0.03232586088650303
3322.5,-0.3339345873135663,-0.01175717881782885,-0.03267105845975225
3322.6,-0.3352089447012955,-0.011685391237142795,-0.03301126909070505
3322.7,-0.33648666764303087,-0.011713185095372036,-0.03333331029431275
3322.8,-0.33777697958039643,-0.011828361016512856,-0.03361901853717354
3322.8999999999996,-0.3390863382647199,-0.012003272159116044,-0.03385268018807817
3323.0,-0.3404174695524168,-0.012208329635851198,-0.034027946346373864
3323.1,-0.3417700199004365,-0.012418508095578363,-0.03414858187534986
3323.2,-0.3431418723376607,-0.012614025315456351,-0.03422403377680273
3323.3,-0.3445302445645126,-0.012781541258981632,-0.034264307347840244
3323.3999999999996,-0.345932322433616,-0.012917403412851103,-0.03427688804358077
3323.5,-0.34734553322970785,-0.013028191059635017,-0.03426684243886136
3323.6,-0.3487675857126254,-0.013125310704993245,-0.03423968060195563
3323.7,-0.3501964590697575,-0.013217475086840689,-0.03420402729022467
3323.8,-0.3516305109995732,-0.013306316589591773,-0.034171189811544996
3323.8999999999996,-0.35306852926154547,-0.013386228219357846,-0.034152046819404494
3324.0,-0.35450945205232576,-0.013447982269730005,-0.03415360308174903
3324.1,-0.35595196314688055,-0.013484804493948588,-0.034176930276471375
3324.2,-0.3573943580997259,-0.013496332701688108,-0.034217584097047116
3324.3,-0.3588346803405924,-0.013486227252600506,-0.034268917091567146
3324.3999999999996,-0.36027077288853077,-0.013455819639284276,-0.034326599502628
3324.5,-0.36170020142598913,-0.013401663986761597,-0.03439097738941752
3324.6,-0.36312048741990116,-0.013320837856144668,-0.03446573877163019
3324.7,-0.36452976870643855,-0.013218070996849251,-0.03455536403261528
3324.8,-0.3659274777999704,-0.013106870366640183,-0.03466421177395941
3324.8999999999996,-0.3673146583232802,-0.013004476328393888,-0.03479632804915407
3325.0,-0.3686938046608005,-0.012926048591388342,-0.03495361993884871
3325.1,-0.3700682807139663,-0.012881665242872925,-0.035132692241389187
3325.2,-0.3714415596966433,-0.012875478455759242,-0.03532309524232614
3325.3,-0.37281662334064936,-0.012904942779250384,-0.03550944003115311
3325.3999999999996,-0.3741955733723613,-0.01296003469304335,-0.03567694223048529
3325.5,-0.3755792611099732,-0.013025128759288346,-0.035816688249419235
3325.6,-0.3769669922429938,-0.013084640325704644,-0.03592719271884475
3325.7,-0.37835672388610936,-0.013128558799035909,-0.03601265120409218
3325.8,-0.37974595604569567,-0.013154303225857826,-0.03608040738390223
3325.8999999999996,-0.3811330036982616,-0.013166465316064302,-0.03613865660005587
3326.0,-0.3825180296740836,-0.01317622883946787,-0.03619422525306497
3326.1,-0.3839031170316124,-0.013197712866980384,-0.036250841843837193
3326.2,-0.38529115926525503,-0.013239357031537405,-0.03630863992551714
3326.3,-0.3866843229359439,-0.013296896608026533,-0.03636543210751163
3326.3999999999996,-0.38808321530347323,-0.01335692880779282,-0.036419999609583316
3326.5,-0.3894872107763379,-0.013408670348101672,-0.036476316815235
3326.6,-0.3908954266491997,-0.013451875578972719,-0.03654554166759517
3326.7,-0.39230757968327346,-0.013495873045756003,-0.03664268945038627
3326.8,-0.3937244841944368,-0.013555643164384998,-0.03677889849616186
3326.8999999999996,-0.3951484997031697,-0.013649611405028425,-0.03695482399555772
3327.0,-0.396583923578279,-0.013795523574901495,-0.037160200653126405
3327.1,-0.39803663333639966,-0.013999895394182138,-0.03737959103487137
3327.2,-0.3995123866115429,-0.014246410533382003,-0.03760062602912875
3327.3,-0.4010142192595407,-0.014495560801411147,-0.03781991347138348
3327.3999999999996,-0.4025404447063092,-0.014700316614884747,-0.03804281441785711
3327.5,-0.40408475572012365,-0.014829249282476047,-0.03827779627214575
3327.6,-0.4056387587128101,-0.014883482549473448,-0.03853102789716691
3327.7,-0.40719579962181734,-0.014898468682330501,-0.03880545349426217
3327.8,-0.4087542354519325,-0.01492942383567091,-0.039101986512639596
3327.8999999999996,-0.41031843420641634,-0.015026086686803556,-0.03941841809688822
3328.0,-0.4118966598373573,-0.015207008076090631,-0.039746536282010206
3328.1,-0.41349657850144556,-0.015444693372049298,-0.040072227554624286
3328.2,-0.41512038945597696,-0.015669330210232646,-0.04038173048964149
3328.3,-0.4167618534498202,-0.01579106961381196,-0.040670957781355724
3328.3999999999996,-0.41840655740764815,-0.015732803905621297,-0.04094948926210258
3328.5,-0.4200352170116334,-0.015460674327183685,-0.04123346853041724
3328.6,-0.42162876630420165,-0.015000374286977359,-0.04153176583484833
3328.7,-0.42317368392941956,-0.014434077193131434,-0.0418358048826606
3328.8,-0.4246661355319194,-0.013880028673288206,-0.04211876924789988
3328.8999999999996,-0.42611366538680073,-0.013459728738885783,-0.042342544948091844
3329.0,-0.4275335647392547,-0.013260945868381542,-0.042468814035768826
3329.1,-0.4289480480006959,-0.01331072538809744,-0.042470920114498524
3329.2,-0.43037791339306514,-0.01357178091562347,-0.04234191913765933
3329.3,-0.43183736559731245,-0.013964166358655479,-0.04209475901458893
3329.3999999999996,-0.43333216338854463,-0.014400466158789997,-0.04175453569014997
3329.5,-0.4348613819982509,-0.014816212233684244,-0.04134749823818419
3329.6,-0.4364207895814449,-0.015181355169612266,-0.04089358296169547
3329.7,-0.4380051708721919,-0.01549023925761287,-0.040406537709446064
3329.8,-0.4396085084668746,-0.015739798970849362,-0.039900080501044724
3329.8999999999996,-0.4412227925773035,-0.01591211241023587,-0.039394636137561896
3330.0,-0.4428368779316028,-0.01597263241692103,-0.03891918277964297
3330.1,-0.44443645030311624,-0.01588328673601025,-0.03850706624247549
3330.2,-0.44600539653069093,-0.015621247120080955,-0.038189476907241504
3330.3,-0.44752806889185076,-0.015192125242060034,-0.037990169799650544
3330.3999999999996,-0.44899164014989507,-0.014629187226444657,-0.03792201847933211
3330.5,-0.4503877836538669,-0.013979408743893444,-0.03798509448855987
3330.6,-0.4517130591951797,-0.013286558497133167,-0.03816698306984589
3330.7,-0.45296790823313193,-0.012582645183584982,-0.03844671088829597
3330.8,-0.45415510944391385,-0.011892471933163432,-0.03880236969002098
3330.8999999999996,-0.4552793067461094,-0.011246593271964651,-0.03921846771205801
3331.0,-0.45634844505658434,-0.010691184682278443,-0.0396866176542848
3331.1,-0.4573758785601016,-0.010284706188222123,-0.04019798376361868
3331.2,-0.4583808155777605,-0.010080518353416983,-0.04073415352223795
3331.3,-0.4593859502316893,-0.010105357091217213,-0.04126564030387866
3331.3999999999996,-0.46041335981132225,-0.010347799337255542,-0.04176028629759078
3331.5,-0.46148084101160713,-0.010764089424127956,-0.04219412235153355
3331.6,-0.46260020474523894,-0.011295219555879648,-0.042555734355818275
3331.7,-0.4637774767442463,-0.011882307929629105,-0.04284299443009805
3331.8,-0.4650139223243294,-0.012474429532682341,-0.04305808890461474
3331.8999999999996,-0.466307083522079,-0.013032511506318956,-0.04320577704491191
3332.0,-0.4676517431489568,-0.013532246240006734,-0.04329395147914666
3332.1,-0.46904094736197544,-0.013963606516183018,-0.04333271758432905
3332.2,-0.47046708165121714,-0.014326046129521994,-0.043331076530560175
3332.3,-0.4719229005281051,-0.014623642834928369,-0.043294510854527575
3332.3999999999996,-0.47340222995035136,-0.014863131838731867,-0.0432271213664279
3332.5,-0.47490003906447903,-0.015053098766420255,-0.04313723273812192
3332.6,-0.4764118803310714,-0.015201824612570003,-0.043040442409874445
3332.7,-0.47793314482133153,-0.015313689632300453,-0.04295620596372311
3332.8,-0.4794586868143529,-0.015385846364246608,-0.042901761388224706
3332.8999999999996,-0.4809828684414865,-0.01540708462066218,-0.04288947598223004
3333.0,-0.48249972192313784,-0.015360498220959102,-0.042927294487792804
3333.1,-0.484003030710965,-0.015230940955609385,-0.04301761208053562
3333.2,-0.4854863828176897,-0.015013774251559392,-0.04315466266828882
3333.3,-0.4869433203805759,-0.01471633878410217,-0.0433260918236335
3333.3999999999996,-0.48836741745361584,-0.014348829309095935,-0.04352054829674936
3333.5,-0.4897520490527743,-0.013913814463063815,-0.04373489373403935
3333.6,-0.49109014317474375,-0.013407068370404274,-0.043974182898226535
3333.7,-0.49237475247420337,-0.012831936668621868,-0.04424433649226082
3333.8,-0.4936008502891284,-0.012215795214869788,-0.0445425147531286
3333.8999999999996,-0.4947676996795759,-0.011613688693043297,-0.04485129133921703
3334.0,-0.4958806194015011,-0.011095593803672272,-0.04514075084591514
3334.1,-0.49695138734256605,-0.010728190179430188,-0.04537757395045614
3334.2,-0.49799742749246195,-0.0105630498328444,-0.0455355035268955
3334.3,-0.4990402224210697,-0.010631546250263415,-0.04560231461702384
3334.3999999999996,-0.5001029826030771,-0.010939706602029123,-0.04558217659540612
3334.5,-0.5012075273799722,-0.011462039802207426,-0.045493434250772305
3334.6,-0.5023709275772185,-0.01214172676469033,-0.045361280221814626
3334.7,-0.5036030652364769,-0.012902947921196187,-0.04520742290686355
3334.8,-0.5049061778687516,-0.013670652892730268,-0.04504328938387419
3334.8999999999996,-0.5062763921737915,-0.014386806936524901,-0.04487212819591977
3335.0,-0.507706021009636,-0.015015998029777343,-0.04469759780450407
3335.1,-0.5091853024382842,-0.015540055890610844,-0.044530576423691015
3335.2,-0.5107030420040428,-0.01594627120610028,-0.04438840754157407
3335.3,-0.5122464799784595,-0.016217665532965757,-0.04428866209915386
3335.3999999999996,-0.5138011487976174,-0.016333400323329573,-0.04424405939378024
3335.5,-0.5153513437421157,-0.016279994924082216,-0.044261791218203846
3335.6,-0.5168815366731114,-0.0160645405893996,-0.04434488261732675
3335.7,-0.5183785699514363,-0.01571953137821659,-0.04449314816395277
3335.8,-0.5198338233712283,-0.015296783579119174,-0.04470395108213101
3335.8999999999996,-0.5212443695621778,-0.014854867262613567,-0.04497290793373187
3336.0,-0.5226126922456502,-0.01444575337895494,-0.04529334452727071
3336.1,-0.5239452455620227,-0.014105615401947035,-0.04565460475119935
3336.2,-0.5252505469951736,-0.01385250815081097,-0.046042672454851274
3336.3,-0.526537596802717,-0.013689914994980146,-0.046444701911722786
3336.3999999999996,-0.5278150860264288,-0.013613588599521827,-0.04685225336189225
3336.5,-0.5290913979948259,-0.013618989118642618,-0.04725851892233467
3336.6,-0.5303749626289269,-0.013705933214688173,-0.04765360339413428
3336.7,-0.531674326924732,-0.013878301809300744,-0.048024437668470685
3336.8,-0.5329979045325796,-0.014139571699190273,-0.04835848438524559
3336.8999999999996,-0.5343537241298199,-0.014486234045548385,-0.048645488775273554
3337.0,-0.5357488339398992,-0.014901232886266795,-0.04887567041143774
3337.1,-0.5371877842832343,-0.015351121088197939,-0.049038804970678924
3337.2,-0.538670757874676,-0.015791703588164913,-0.04912811823404256
3337.3,-0.5401929259083406,-0.016182413947963343,-0.04914639133532836
3337.3999999999996,-0.5417459104866513,-0.016499749967522615,-0.0491077349820201
3337.5,-0.5433202548739038,-0.016735230175308133,-0.04903181226424765
3337.6,-0.5449065108613029,-0.016875011512453714,-0.048934294699074316
3337.7,-0.5464936563075476,-0.016880790885379957,-0.04882104824875043
3337.8,-0.5480664156004206,-0.0166997121584929,-0.0486901374434973
3337.8999999999996,-0.5496051054422284,-0.016306351021514016,-0.0485388912925003
3338.0,-0.5510902296394663,-0.01574241979375085,-0.048370246329460825
3338.1,-0.5525097465650012,-0.015113870740848497,-0.04819506499788229
3338.2,-0.5538638844311174,-0.014541694276831291,-0.048030162708497304
3338.3,-0.5551638437818688,-0.014102515503813067,-0.04789304830946646
3338.3999999999996,-0.5564252220679081,-0.013799550620641773,-0.047795474700622675
3338.5,-0.5576603632421276,-0.013577668919632753,-0.04773903413635234
3338.6,-0.5588740988935459,-0.013368463646151067,-0.04771578049557299
3338.7,-0.5600649282470214,-0.013138017730700691,-0.047714479620425375
3338.8,-0.561230188900589,-0.01290692226601379,-0.04772845847203024
3338.8999999999996,-0.5623710496602746,-0.012724912786468404,-0.04775875486271706
3339.0,-0.5634930392379582,-0.012616281494534046,-0.04781025775497677
3339.1,-0.5646012888231103,-0.012540479421250299,-0.0478845536368056
3339.2,-0.5656942891193801,-0.012404519447931523,-0.047976282967173475
3339.3,-0.5667615659722226,-0.0121215102922178,-0.048076889556119655
3339.3999999999996,-0.5677874764706993,-0.011667580179536091,-0.04818212492686082
3339.5,-0.5687581841496111,-0.011091084625826768,-0.04829589101195203
3339.6,-0.5696668339877106,-0.01047568454748047,-0.04842755101898854
3339.7,-0.5705147080456032,-0.009900393091363438,-0.04858681418516016
3339.8,-0.5713100495177101,-0.009427627637215967,-0.048780895564292964
3339.8999999999996,-0.5720667616646077,-0.009107140885670727,-0.04901306814047827
3340.0,-0.5728029259142179,-0.008970940549567819,-0.04927946784100849
3340.1,-0.5735379464782075,-0.009019146020317444,-0.04956557987547435
3340.2,-0.574288447040006,-0.009213646241538436,-0.04984733524336553
3340.3,-0.5750647749307926,-0.009489777206422707,-0.05009854576189651
3340.3999999999996,-0.57587015686039,-0.009783479018715714,-0.05030042613699219
3340.5,-0.5767031971309075,-0.010061685119031587,-0.050447097128779296
3340.6,-0.5775624300080583,-0.01033823451222191,-0.050544555741334166
3340.7,-0.5784502744162258,-0.010662064738161007,-0.05060508146134332
3340.8,-0.5793739116417777,-0.011080473782793768,-0.050639988818642026
3340.8999999999996,-0.5803423764770695,-0.011598941999201482,-0.0506533213417199
3341.0,-0.5813618357961131,-0.012169604442145234,-0.05064072238966979
3341.1,-0.5824327593340279,-0.012723822493729076,-0.050595744193065
3341.2,-0.5835512951505369,-0.013221456065798604,-0.0505177705770037
3341.3,-0.5847131559279777,-0.013668488524972476,-0.05041306719638974
3341.3999999999996,-0.5859159145470685,-0.014090057575720046,-0.05028992491718866
3341.5,-0.5871577364789915,-0.014494306192780587,-0.05015652150293434
3341.6,-0.5884345734100767,-0.014862684108135286,-0.05002429274805207
3341.7,-0.589738837311892,-0.015162783414826818,-0.0499102063517324
3341.8,-0.5910599854184869,-0.015358747725753926,-0.0498324608576229
3341.8999999999996,-0.5923852602342298,-0.015411898079256187,-0.049802778392434736
3342.0,-0.5936994614085234,-0.015283936045449054,-0.04982229827341455
3342.1,-0.5949848163945122,-0.014951861700536966,-0.04988389810405155
3342.2,-0.5962229008919796,-0.014429332120809372,-0.04997792874933011
3342.3,-0.597398995286867,-0.013778970477668438,-0.050096818389772084
3342.3999999999996,-0.5985067470626183,-0.013099359242756623,-0.05023634573852336
3342.5,-0.5995496504648874,-0.012484293843703462,-0.05039360781949535
3342.6,-0.600537666035433,-0.011978907502611413,-0.05056275606466343
3342.7,-0.6014813942320687,-0.01157073815741317,-0.0507316048037072
3342.8,-0.6023883933176473,-0.011225054742737174,-0.05088374579015015
3342.8999999999996,-0.6032637450385341,-0.0109264745659893,-0.051006103462723336
3343.0,-0.6041125546836899,-0.01068526450974841,-0.051094383539115856
3343.1,-0.6049410840707483,-0.010514757409519484,-0.05115011044216086
3343.2,-0.6057562685758144,-0.010419411625453408,-0.05117301544064997
3343.3,-0.6065658735982578,-0.01041020462805456,-0.05115816048450304
3343.3999999999996,-0.6073804522904078,-0.010524187227697096,-0.05110146154423861
3343.5,-0.6082154681260862,-0.010817240228469903,-0.05100772016066665
3343.6,-0.6090906696003272,-0.01132521527787297,-0.050892472202692676
3343.7,-0.6100253805277386,-0.012021757528287706,-0.05077551565805738
3343.8,-0.6110318245462433,-0.012809223234237352,-0.05067258790341665
3343.8999999999996,-0.6121103209995957,-0.013549047274871967,-0.05059266709644299
3344.0,-0.6132482327548264,-0.014105486441444232,-0.05054188329656436
3344.1,-0.6144219343587426,-0.014379064266636831,-0.05052856877977562
3344.2,-0.6156007740182999,-0.014325481880474547,-0.05056312396780114
3344.3,-0.6167527201781052,-0.013963238480078678,-0.0506517658611642
3344.3999999999996,-0.6178509510725676,-0.013371353498782797,-0.050789680261105585
3344.5,-0.6188797744554011,-0.012675565564306141,-0.05096005243608636
3344.6,-0.6198379310067217,-0.0120181168374998,-0.051140043880589854
3344.7,-0.6207375767484683,-0.011512950969980942,-0.051308895596672205
3344.8,-0.6215984978300809,-0.011204906173993912,-0.051452624463265095
3344.8999999999996,-0.6224396752673628,-0.011058476139806381,-0.05156389552636404
3345.0,-0.6232724968669041,-0.010988097156559693,-0.051639624869344744
3345.1,-0.6240991829618484,-0.010913455916970462,-0.05167905499799475
3345.2,-0.6249162908025643,-0.010798846830994054,-0.05168354706575886
3345.3,-0.6257194311888603,-0.010646874709139607,-0.05165764180013539
3345.3999999999996,-0.626505175364188,-0.0104634570481127,-0.05160901426363806
3345.5,-0.6272699507503239,-0.01024111511969988,-0.051545667032360486
3345.6,-0.6280096398824319,-0.009984576022897198,-0.05147219635359713
3345.7,-0.6287230586699093,-0.00975038165019218,-0.05138899612842935
3345.8,-0.6294176582806711,-0.009648214502470208,-0.05129541941706508
3345.8999999999996,-0.6301122947548156,-0.00978906706850562,-0.05119341376433323
3346.0,-0.6308337898472156,-0.010221026063140069,-0.05108868390730604
3346.1,-0.6316088534890388,-0.010900332912855608,-0.05099025186009889
3346.2,-0.6324559536609591,-0.011711339521905744,-0.050909626760179426
3346.3,-0.6333811982148854,-0.01251930094749671,-0.050858708610979464
3346.3999999999996,-0.6343793925646855,-0.013221904269157217,-0.05084586479240465
3346.5,-0.6354379912429743,-0.013763725993121572,-0.05087181598158651
3346.6,-0.6365400575538265,-0.014109447845598281,-0.05092798087388953
3346.7,-0.6376643160359928,-0.01421472435082423,-0.05099836711964159
3346.8,-0.6387844845055406,-0.014037491085705503,-0.05106354188738253
3346.8999999999996,-0.6398719599329746,-0.013582866003267793,-0.05110543861840411
3347.0,-0.6409026041065711,-0.012928191595905582,-0.051112854501189596
3347.1,-0.6418634104624179,-0.01219817848273653,-0.05108513569095989
3347.2,-0.6427544919265735,-0.011515531834198081,-0.051030054459030215
3347.3,-0.6435859920489125,-0.010963689214094659,-0.05095647491172135
3347.3999999999996,-0.644372896568433,-0.010575529130379754,-0.050868246093545996
3347.5,-0.645130513825968,-0.010341146874171963,-0.050764706852715315
3347.6,-0.6458712038958635,-0.01021980520950738,-0.05064607243224245
3347.7,-0.6466019373791609,-0.010149946504891594,-0.050517597300454097
3347.8,-0.6473233833846062,-0.010069322605371477,-0.050389198779157734
3347.8999999999996,-0.6480322505714615,-0.009952852316702234,-0.05027270071946392
3348.0,-0.6487267286966901,-0.009836631187758628,-0.05018058651535337
3348.1,-0.649410972103845,-0.009787122896825673,-0.05012560128421818
3348.2,-0.6500940588574803,-0.009833428892562902,-0.0501176097118386
3348.3,-0.6507838515292305,-0.009930715374071652,-0.05015882528548334
3348.3999999999996,-0.6514811039514845,-0.009989419768328709,-0.05024279112129193
3348.5,-0.6521785564593499,-0.009936058217653185,-0.050359163875828776
3348.6,-0.652864996851859,-0.009752539512676829,-0.05050037224490736
3348.7,-0.6535306892134609,-0.00947329830005801,-0.05066458088252851
3348.8,-0.6541707311122824,-0.009155832371203433,-0.050852620129818914
3348.8999999999996,-0.6547852834098788,-0.008853179517769004,-0.05106127687668244
3349.0,-0.6553782830890762,-0.008609023754031766,-0.051278520358453185
3349.1,-0.6559574245500791,-0.00847305498001691,-0.05148498407526057
3349.2,-0.6565362093615849,-0.008511012909157865,-0.05166062684695436
3349.3,-0.6571353545658638,-0.00878634332219901,-0.05179136772247646
3349.3999999999996,-0.6577800193620762,-0.009316946946128085,-0.0518722822779616
3349.5,-0.6584920620937241,-0.010034797134961904,-0.05190802374408133
3349.6,-0.659280080301048,-0.010778292302865939,-0.0519107958607437
3349.7,-0.6601320436073261,-0.011332065237992026,-0.05189448571163766
3349.8,-0.6610153743317779,-0.011510805454113373,-0.05186705023174394
3349.8999999999996,-0.6618869864368286,-0.011256124762184124,-0.051827865630605624
3350.0,-0.6627100653328607,-0.010681575373266939,-0.051773056653168587
3350.1,-0.6634683771974567,-0.010016578635954001,-0.05170314589900771
3350.2,-0.6641692983527793,-0.009479262339430854,-0.05162516213945205
3350.3,-0.6648346303390965,-0.009170695786687067,-0.05154804560032628
3350.3999999999996,-0.6654865832274437,-0.009058923032224189,-0.05147738522108836
3350.5,-0.6661380204507577,-0.00904256882023598,-0.05141534492385896
3350.6,-0.6667909678076093,-0.009027537960020272,-0.0513646686223762
3350.7,-0.6674404850419643,-0.008958249748867216,-0.0513300028353299
3350.8,-0.6680781633808371,-0.008798506057119486,-0.05131282639689519
3350.8999999999996,-0.6686920932510576,-0.008500288920265513,-0.05130530007159555
3351.0,-0.6692649787978509,-0.008004714685529475,-0.05129231963681316
3351.1,-0.6697748668109359,-0.007282895842702571,-0.05126361104691316
3351.2,-0.6702004077645524,-0.006369668292403472,-0.051225556041424224
3351.3,-0.6705265863613451,-0.0053386153796914845,-0.051199817804962175
3351.3999999999996,-0.6707457252181467,-0.004251075868428954,-0.051209209511404
3351.5,-0.670856481874668,-0.003171951847507261,-0.05126383411342093
3351.6,-0.6708687129839677,-0.0022479361947563828,-0.051356150803202986
3351.7,-0.6708128907676165,-0.0017105769413456162,-0.05146331074246579
3351.8,-0.6707404960443586,-0.0017284566709485948,-0.05155264933133804
3351.8999999999996,-0.6707063828187095,-0.002239210655314737,-0.05158860648924373
3352.0,-0.6707432262223003,-0.0029505486081906,-0.051540956052295216
3352.1,-0.6708481371992451,-0.0035187631623560946,-0.05139437327941426
3352.2,-0.6709904128271765,-0.003737933070259623,-0.05115739958962373
3352.3,-0.6711315402822429,-0.003599870067965582,-0.05086417577969212
3352.3999999999996,-0.6712425933552129,-0.003232549139475182,-0.050561917149881064
3352.5,-0.6713118132311695,-0.00280854246173291,-0.050288308762444854
3352.6,-0.6713442842010655,-0.002480017696904701,-0.05005588887084837
3352.7,-0.6713572032222866,-0.0023380900134293823,-0.049856346374251494
3352.8,-0.6713719533194925,-0.002387417123823851,-0.049678853094300375
3352.8999999999996,-0.6714043556513744,-0.002542512941985243,-0.049525505048469996
3353.0,-0.6714564840208648,-0.0026565952876695265,-0.04941419105475643
3353.1,-0.6715144960259228,-0.002590434747436221,-0.04937175092155319
3353.2,-0.6715557334361121,-0.0023047370836812124,-0.04942405521423853
3353.3,-0.6715633387952543,-0.00191337396822098,-0.04958612521362649
3353.3999999999996,-0.671539987115908,-0.0016373542751165584,-0.049854095360143215
3353.5,-0.6715114603887463,-0.0016851608123446481,-0.050203779319336915
3353.6,-0.6715185579230301,-0.0021569445119696577,-0.05059934940985193
3353.7,-0.6716048617621131,-0.0030411895930414342,-0.051006962261392494
3353.8,-0.6718091283225226,-0.004280242312018739,-0.05140312900720175
3353.8999999999996,-0.6721642279385698,-0.005822863972563044,-0.05177381663803292
3354.0,-0.672697490104284,-0.0076131358421173585,-0.05211017163496553
3354.1,-0.6734273982362557,-0.009547348600275828,-0.05240803024254314
3354.2,-0.6743578698853786,-0.011467102103479648,-0.05267130512529664
3354.3,-0.67547582918884,-0.013208884541555705,-0.05291422867645747
3354.3999999999996,-0.6767552261261723,-0.014665092249460708,-0.05315832034151668
3354.5,-0.6781648174375239,-0.015804362397212484,-0.053424523125935326
3354.6,-0.6796745440411813,-0.016644852363075457,-0.053725382951476414
3354.7,-0.6812576813428683,-0.01721429811460573,-0.0540617128815319
3354.8,-0.6828898232505437,-0.017531033550786678,-0.054423315883340706
3354.8999999999996,-0.6845476741414983,-0.017612195959725588,-0.05479050988682387
3355.0,-0.6862096719181867,-0.017491217757634736,-0.0551357848849626
3355.1,-0.6878584005425106,-0.017226641750324942,-0.05542772212443054
3355.2,-0.6894834253448777,-0.016897817217691888,-0.055637744917228275
3355.3,-0.6910829659104523,-0.016591584724910825,-0.05574764926272854
3355.3999999999996,-0.6926633809609429,-0.016384241531672502,-0.05575481139480073
3355.5,-0.6942365000144626,-0.01632355144199206,-0.055671971389351455
3355.6,-0.6958157627889106,-0.016418368579540165,-0.05552098612256821
3355.7,-0.6974125758658689,-0.01664116718766461,-0.05532462493993223
3355.8,-0.6990340341892226,-0.016940729894432092,-0.05510169290020291
3355.8999999999996,-0.7006823221211798,-0.017256935466473538,-0.05486687413401614
3356.0,-0.7023553952487523,-0.017532113815316122,-0.05463265805028024
3356.1,-0.704048017520161,-0.01771909860302701,-0.05441040259078155
3356.2,-0.7057524585909373,-0.017789088718602738,-0.05421099812960301
3356.3,-0.7074593943302403,-0.01774080399640203,-0.054046946149686234
3356.3999999999996,-0.7091599814752996,-0.01760558863091682,-0.05393400884031286
3356.5,-0.7108486088418939,-0.017438806568822796,-0.05388847684249127
3356.6,-0.7125244171570172,-0.01729608612040506,-0.053920012903568834
3356.7,-0.7141903674815345,-0.017207343038875077,-0.05402559865204153
3356.8,-0.7158505607029365,-0.017166426733815326,-0.054190333261754625
3356.8999999999996,-0.7175078292209245,-0.017144224437181683,-0.0543951341686602
3357.0,-0.7191632430461329,-0.017116442140342313,-0.05462600629704339
3357.1,-0.7208176005111039,-0.017086761171392774,-0.054879515617614436
3357.2,-0.7224736627930463,-0.01708888313911958,-0.05516230262863077
3357.3,-0.7241375101711363,-0.01716633902466619,-0.05548492317098135
3357.3999999999996,-0.7258180486161708,-0.01734434297059947,-0.055852189281101916
3357.5,-0.7275247640352555,-0.01761185110890343,-0.05625467287976896
3357.6,-0.7292648835780867,-0.017926646892468187,-0.0566667464036651
3357.7,-0.731041660426756,-0.018241878840066044,-0.05705337384856428
3357.8,-0.7328547884986961,-0.018535109917176548,-0.05738224770170937
3357.8999999999996,-0.7347024706271666,-0.01881978938397192,-0.057634214625699495
3358.0,-0.7365840006413235,-0.01913481627172405,-0.05780661698063863
3358.1,-0.7385018525569818,-0.019520928136328237,-0.057909285538846195
3358.2,-0.7404619563252547,-0.01999507026965979,-0.05795739473869737
3358.3,-0.7424710563905722,-0.020531563047270565,-0.05796571576489084
3358.3999999999996,-0.744531842458495,-0.02105746940673695,-0.057945109844580324
3358.5,-0.7466382467178508,-0.021468175667952654,-0.05790013015042896
3358.6,-0.7487734938020711,-0.021663582723409045,-0.05782893011378345
3358.7,-0.7509127165501873,-0.02159487011996935,-0.05772747854322901
3358.8,-0.7530302987864836,-0.02129980347250836,-0.05759702762604525
3358.8999999999996,-0.7551092565647053,-0.0209017228477202,-0.057450810731589176
3359.0,-0.7571480037735903,-0.020565151596459344,-0.057315568239041666
3359.1,-0.7591607745554318,-0.020428022759591016,-0.05722611155147407
3359.2,-0.7611710851201964,-0.0205410250960016,-0.05721559909016336
3359.3,-0.7632007535332884,-0.020838259356695595,-0.05730672427319646
3359.3999999999996,-0.7652589936203366,-0.021156310649995975,-0.05750754931201196
3359.5,-0.7673368543981958,-0.021304445375712428,-0.057812975179400046
3359.6,-0.7694102836528435,-0.021156608950789253,-0.058210346436954656
3359.7,-0.7714502265295387,-0.02070769537088575,-0.058683619712510716
3359.8,-0.7734334310179138,-0.020048555262118333,-0.05920986964555187
3359.8999999999996,-0.77534724325678,-0.019282932826236762,-0.05975268751996148
3360.0,-0.777187588003666,-0.018474051916484224,-0.06026569870956693
3360.1,-0.7789563753259383,-0.01767782988364407,-0.06070944152192688
3360.2,-0.7806643992381961,-0.017014585724467783,-0.061068264188993575
3360.3,-0.7823379704314896,-0.016685039199140276,-0.06135328803159824
3360.3999999999996,-0.7840214345234503,-0.016894590580664687,-0.06158940400572971
3360.5,-0.7857693961812474,-0.017725979622913817,-0.06179388943272203
3360.6,-0.7876296856358137,-0.019046554987846794,-0.061960630024107316
3360.7,-0.7896256600977204,-0.020533945045772054,-0.06206385694375762
3360.8,-0.7917484162858722,-0.021827482112950713,-0.062081700779266356
3360.8999999999996,-0.7939643574062029,-0.02271320422216396,-0.062021985922340574
3361.0,-0.7962346561363691,-0.023216830500710616,-0.061927852401295606
3361.1,-0.7985350018746821,-0.023538796139496176,-0.061854622013154746
3361.2,-0.8008624953495623,-0.0238784015329247,-0.06183367579553536
3361.3,-0.8032253725268901,-0.024280339581516396,-0.06185324489040583
3361.3999999999996,-0.8056247412281863,-0.02461952542358105,-0.06187272164965171
3361.5,-0.808043530336496,-0.024722030608629684,-0.06185658947576575
3361.6,-0.8104507461767129,-0.02450877030576223,-0.061798077406222396
3361.7,-0.8128159940230592,-0.02404761827702079,-0.06171686274619201
3361.8,-0.8151223320561963,-0.023493416227807665,-0.06164014419134743
3361.8999999999996,-0.8173694007455697,-0.02298629828183755,-0.06158569254473695
3362.0,-0.8195675919275487,-0.022591623214697782,-0.06155692296368506
3362.1,-0.8217296105254076,-0.022305544805096778,-0.061548046190366704
3362.2,-0.8238648093264006,-0.022090431599717755,-0.061552484485235176
3362.3,-0.8259773476736975,-0.021900682002859377,-0.06156914770408036
3362.3999999999996,-0.8280666321855983,-0.02169709581462616,-0.061603765394100396
3362.5,-0.8301292772341339,-0.021466439769645226,-0.06166477278592228
3362.6,-0.8321627669002066,-0.021240210991042622,-0.06175647570176788
3362.7,-0.8341695783735159,-0.021087570214143956,-0.06187511628298903
3362.8,-0.8361591266024514,-0.02107809202356578,-0.06201121016244683
3362.8999999999996,-0.8381461502216466,-0.021242773795871302,-0.06215504708091739
3363.0,-0.8401469491782426,-0.02156272685371963,-0.062299820397096466
3363.1,-0.8421756438394101,-0.02198343023924442,-0.06244057017832056
3363.2,-0.8442408596299334,-0.0224293749519683,-0.06257191659903984
3363.3,-0.8463423464857983,-0.02280679730268288,-0.06268847085869256
3363.3999999999996,-0.8484681386941278,-0.02300601474309466,-0.06278811536730114
3363.5,-0.8505939127870026,-0.022918309138495803,-0.06287539355179772
3363.6,-0.8526856740356562,-0.022467236098845943,-0.06296236944102922
3363.7,-0.8547055484672159,-0.021640898079623157,-0.06306559254147043
3363.8,-0.8566192858986552,-0.02050730801668825,-0.06319916818417082
3363.8999999999996,-0.8584032940846982,-0.019198761209773665,-0.06336640515821716
3364.0,-0.8600488296757565,-0.01786732559188212,-0.06355577096231581
3364.1,-0.8615616570497674,-0.016634745680849307,-0.06374580690394675
3364.2,-0.8629575240939426,-0.015567396635375368,-0.06391634675219371
3364.3,-0.8642561733099711,-0.014687648096000384,-0.0640573006011484
3364.3999999999996,-0.8654772144167449,-0.01400400150110465,-0.06416880463277548
3364.5,-0.8666395991814774,-0.01353529763923369,-0.06425424005391
3364.6,-0.8677637895726836,-0.013314399037598467,-0.06431164692891359
3364.7,-0.8688733376742613,-0.013364722270970651,-0.06432797645645859
3364.8,-0.8699924482776557,-0.013659371478681905,-0.06427894434152408
3364.8999999999996,-0.8711392724381921,-0.014095632024383239,-0.06413573326770124
3365.0,-0.8723187126971294,-0.01451459263689341,-0.06387637548060239
3365.1,-0.8735197652785234,-0.014761585066335275,-0.0634964487885206
3365.2,-0.8747197100128976,-0.01475035775315675,-0.06301350432685635
3365.3,-0.8758930324034472,-0.014491509963876988,-0.06246360632034139
3365.3999999999996,-0.8770203551541182,-0.014072776196826056,-0.06189375408330751
3365.5,-0.8780931703147374,-0.013608162237372243,-0.06135458377780105
3365.6,-0.8791128081951919,-0.013184101772359697,-0.06089432127892222
3365.7,-0.880085133996721,-0.012826539413192516,-0.060553702017102355
3365.8,-0.8810144480287798,-0.01250267411489742,-0.060363049261874094
3365.8999999999996,-0.8819000352023099,-0.012154042909428321,-0.060342673065348816
3366.0,-0.8827367849244204,-0.01173787643892528,-0.06050507882102099
3366.1,-0.883518689642463,-0.011251077787799518,-0.060855060486425284
3366.2,-0.8842427675555284,-0.010731064851907994,-0.06138594050712016
3366.3,-0.8849119133614081,-0.010246062681794933,-0.06207464297103424
3366.3999999999996,-0.8855364814833431,-0.009881436975042974,-0.0628787007589613
3366.5,-0.886134237675515,-0.009715276107920444,-0.06373733682534603
3366.6,-0.8867278280296849,-0.00978546336423528,-0.06457900393441535
3366.7,-0.8873398374088283,-0.010069592962148214,-0.06533454591581056
3366.8,-0.8879873827261423,-0.01049479863069447,-0.06594957068780814
3366.8999999999996,-0.8886786359472841,-0.010967573689089887,-0.06638916399542703
3367.0,-0.8894119388361846,-0.011397261588284,-0.06663435617232621
3367.1,-0.8901763501099926,-0.01170051169253652,-0.06667637855450846
3367.2,-0.8909527366626004,-0.011801721745332882,-0.06651429401290586
3367.3,-0.8917162054113461,-0.011653421811273297,-0.0661562078428082
3367.3999999999996,-0.8924412951050138,-0.01127463102909928,-0.06562167873828026
3367.5,-0.8931095791288783,-0.010770658802554369,-0.06494307116505149
3367.6,-0.8937162938138244,-0.01029954528875908,-0.06416358364410592
3367.7,-0.8942712741750937,-0.009990062079422771,-0.06333055499926885
3367.8,-0.8947914672242564,-0.009855577632729151,-0.06248584574824995
3367.8999999999996,-0.8952872589198235,-0.009764030847556324,-0.06166043564644523
3368.0,-0.8957505689939729,-0.009502452822987159,-0.060881115607796764
3368.1,-0.8961536302601294,-0.008906203013386732,-0.06018549690548632
3368.2,-0.8964605505739822,-0.007963522226020777,-0.05962864703199527
3368.3,-0.8966446940129249,-0.006825542245304633,-0.05927007201820897
3368.3999999999996,-0.8967016515156188,-0.005728489947069934,-0.059148740457431084
3368.5,-0.8966517681359457,-0.004890698595311252,-0.05926377517194522
3368.6,-0.896533586897711,-0.004448334889276225,-0.05957276453795642
3368.7,-0.8963942530272945,-0.004450724629127105,-0.06000859354653975
3368.8,-0.8962810060951971,-0.0048761334631036496,-0.06050512170586499
3368.8999999999996,-0.8962325673726451,-0.005621010551983968,-0.06101707881435814
3369.0,-0.8962692173027192,-0.00648930275698015,-0.061526064453274965
3369.1,-0.8963863861474731,-0.0072448727396841,-0.062032999520157825
3369.2,-0.8965581089687594,-0.007714197067457983,-0.06254021717310669
3369.3,-0.8967494061452408,-0.007851559866600875,-0.0630329199336439
3369.3999999999996,-0.8969287491415621,-0.007707555859194743,-0.06347549843069071
3369.5,-0.897072522216294,-0.0073433537586169205,-0.06382842791164968
3369.6,-0.8971622158748128,-0.006786669000505749,-0.06407281610332649
3369.7,-0.8971818119018593,-0.006064571175498569,-0.06422283866944208
3369.8,-0.8971206463798932,-0.005260887403723881,-0.06431763954037731
3369.8999999999996,-0.8969800927745742,-0.0045295479060611776,-0.06439962238470534
3370.0,-0.896777828270081,-0.004040294967985456,-0.06449219068831998
3370.1,-0.8965443682893227,-0.0038900421415711157,-0.06458830149785735
3370.2,-0.8963121044816345,-0.004046267916798977,-0.0646565722436141
3370.3,-0.8961033405936493,-0.004371559168374716,-0.06466276662056754
3370.3999999999996,-0.8959251395980012,-0.004713511426895226,-0.06459239262980708
3370.5,-0.8957734861238277,-0.004990438929604892,-0.06445790290570333
3370.6,-0.8956421931878462,-0.005212967982825605,-0.06428734897642606
3370.7,-0.8955297273514665,-0.005447083171701228,-0.06410742716881775
3370.8,-0.8954411363158101,-0.0057672597816756065,-0.0639354068564566
3370.8999999999996,-0.8953865858197029,-0.006225297297235607,-0.06378111790548882
3371.0,-0.8953784179408855,-0.006830661590892465,-0.0636497873287884
3371.1,-0.8954274301207151,-0.007539942982985739,-0.06354015525388385
3371.2,-0.8955388477466137,-0.008263296127009441,-0.06344198315708259
3371.3,-0.8957088292553429,-0.008887030454360241,-0.06333862598291992
3371.3999999999996,-0.8959224132196699,-0.00930075651639336,-0.06321384979786877
3371.5,-0.8961544356736535,-0.009430674614356127,-0.06305931509697228
3371.6,-0.8963753166833388,-0.00927943820239376,-0.06288127706668616
3371.7,-0.8965608239220259,-0.0089447917422485,-0.06270417694773948
3371.8,-0.8967014652568165,-0.008599625771150097,-0.06256690663511258
3371.8999999999996,-0.8968078838077418,-0.008447893564167117,-0.06251005210820224
3372.0,-0.8969109902145346,-0.008669937268327332,-0.06255792155799007
3372.1,-0.8970561214982904,-0.009363020306186277,-0.06270292231706874
3372.2,-0.8972912140940816,-0.010493691117794142,-0.06290092895939069
3372.3,-0.8976522465179017,-0.011894428884418651,-0.06308552045951853
3372.3999999999996,-0.8981526060537754,-0.013324098625146146,-0.06319986702914739
3372.5,-0.8987817824602301,-0.014563671521746965,-0.06322876102261951
3372.6,-0.899512462244202,-0.015480794124287817,-0.06320671531668261
3372.7,-0.900309380686064,-0.01602310241822061,-0.06319355159210277
3372.8,-0.901134265364121,-0.016173306636391976,-0.0632355116236604
3372.8999999999996,-0.9019477190893325,-0.015936002544254087,-0.06334189693413844
3373.0,-0.9027133397652841,-0.015375176564908737,-0.06349109888563603
3373.1,-0.903406223985771,-0.014643593294374856,-0.06365250850455693
3373.2,-0.9040210089187662,-0.013947002669602183,-0.06380242668757448
3373.3,-0.9045728398480243,-0.013462368324741132,-0.06392664871601311
3373.3999999999996,-0.905090141964658,-0.01327528012070004,-0.06401623778615319
3373.5,-0.9056038973255746,-0.01337144840810768,-0.0640639196723106
3373.6,-0.9061386705203307,-0.01366634148031943,-0.06406377943052899
3373.7,-0.906707563669297,-0.014044366464662759,-0.06401269045562005
3373.8,-0.9073110816372627,-0.014393906295578116,-0.06391056165009829
3373.8999999999996,-0.9079394618777155,-0.014633243100410821,-0.06375961765686744
3374.0,-0.908577401253909,-0.014724378615054563,-0.06356644032685736
3374.1,-0.9092093134065324,-0.014676850726438123,-0.06334802858127236
3374.2,-0.9098238770802822,-0.014545504676938251,-0.06313618983655622
3374.3,-0.9104174076529955,-0.014416059491532471,-0.06297247938405791
3374.3999999999996,-0.9109948476384087,-0.014371258169291768,-0.0628939337194736
3374.5,-0.9115673511992161,-0.0144554611844718,-0.06291955891203475
3374.6,-0.9121477837988611,-0.01466396218860354,-0.06304650198549662
3374.7,-0.9127467382385861,-0.014955551019083396,-0.0632548878482482
3374.8,-0.9133703233925319,-0.015270344553803236,-0.06351474182507762
3374.8999999999996,-0.9140192277725684,-0.015544060126395528,-0.06379219633999217
3375.0,-0.9146884256586354,-0.01572211271013441,-0.06405632201996221
3375.1,-0.9153680621915301,-0.015777024765265622,-0.06428553813607332
3375.2,-0.9160464032041437,-0.015721341642760404,-0.06446979509162412
3375.3,-0.916714277274455,-0.015604767078661352,-0.06460759117543598
3375.3999999999996,-0.9173685735543429,-0.015492843737893731,-0.06470028320157058
3375.5,-0.9180123683468183,-0.015436955045071614,-0.06474629132221356
3375.6,-0.918651725645315,-0.015453273154701092,-0.06473817834123273
3375.7,-0.9192916948883795,-0.015522632898425433,-0.06466589507692802
3375.8,-0.9199338876465942,-0.015605883991389331,-0.06452523005337427
3375.8999999999996,-0.9205757740259353,-0.01565686644900376,-0.06432478486392841
3376.0,-0.9212103831662863,-0.015626855796408236,-0.06408583441494446
3376.1,-0.9218265680814414,-0.015479307197336057,-0.063835966322327
3376.2,-0.9224123552709855,-0.0152281148071538,-0.0636002734626863
3376.3,-0.9229625045583019,-0.014967804088334112,-0.0633925589408168
3376.3999999999996,-0.9234857856382538,-0.014842747105703364,-0.06320960262839483
3376.5,-0.92400458931073,-0.014958173741102341,-0.06303269902115344
3376.6,-0.9245451861426118,-0.015307471732802844,-0.06283740281930028
3376.7,-0.9251253994876016,-0.015776904455731097,-0.0626071322312917
3376.8,-0.925747870101588,-0.016213484665534798,-0.06234408027309191
3376.8999999999996,-0.9264016925315631,-0.016502870614189365,-0.062071785902572806
3377.0,-0.9270696118595879,-0.016611317454114496,-0.06182702278396086
3377.1,-0.9277350217116478,-0.016565691758418547,-0.06164534475343131
3377.2,-0.9283838671189364,-0.016392882296494587,-0.06154980607222659
3377.3,-0.9290018661098415,-0.016082608450560247,-0.06154839707150755
3377.3999999999996,-0.9295723724774562,-0.015613241844474319,-0.06163704455839997
3377.5,-0.9300796277396954,-0.015015556803819689,-0.061802709837209
3377.6,-0.9305171085220377,-0.014410577547338986,-0.062024942005608555
3377.7,-0.9308954833344953,-0.013980015042065044,-0.06227676062411725
3377.8,-0.9312440216840596,-0.013888542899525184,-0.06252483397530145
3377.8999999999996,-0.931603732049004,-0.014209652038974513,-0.06273007012219688
3378.0,-0.9320155169448635,-0.014895517457350316,-0.06285334250964367
3378.1,-0.9325090094610776,-0.01580507920664148,-0.06286787558685958
3378.2,-0.9330970762505623,-0.016773900017517124,-0.06277084604983357
3378.3,-0.9337777443566689,-0.017684879115382288,-0.06258510128140964
3378.3999999999996,-0.9345410492170794,-0.018495221147445597,-0.06235003930492343
3378.5,-0.9353751177943107,-0.019198330895789106,-0.062107773534530744
3378.6,-0.9362659020545385,-0.019745668747298196,-0.061891309303809726
3378.7,-0.9371900116313014,-0.01999895355202138,-0.06171918755994734
3378.8,-0.9381072514654245,-0.019771803104167013,-0.06159768863925976
3378.8999999999996,-0.9389617575483007,-0.01894527504805777,-0.06152797099140047
3379.0,-0.9396953084287174,-0.017578308848078726,-0.06151330320006021
3379.1,-0.9402676430979654,-0.015932810019872845,-0.061562038271872205
3379.2,-0.9406729651697833,-0.01438761783852961,-0.06168413016641239
3379.3,-0.9409429124656811,-0.01328147842552295,-0.06188122024441256
3379.3999999999996,-0.9411333846933262,-0.012767356876231649,-0.06213547904027626
3379.5,-0.9413016308140878,-0.012759459526085001,-0.06240757730581945
3379.6,-0.9414852926277527,-0.013004440504005916,-0.06264927133433691
3379.7,-0.9416940263355585,-0.013239093563867757,-0.06282298755154107
3379.8,-0.9419176601276914,-0.013344365415451977,-0.06291437092939522
3379.8999999999996,-0.9421451526882326,-0.013398051513035325,-0.06293102329208967
3380.0,-0.9423810848028652,-0.013586300085579687,-0.06289138808175773
3380.1,-0.9426477425040422,-0.014039237218636027,-0.06281205948169738
3380.2,-0.942972029655031,-0.014720924193977417,-0.06270038802746324
3380.3,-0.9433682988460202,-0.01545216279898313,-0.06255581589921039
3380.3999999999996,-0.9438299427135883,-0.01602864808942382,-0.062378478657167606
3380.5,-0.9443339636030255,-0.016334800929768658,-0.062178018562718394
3380.6,-0.9448529217038957,-0.016381984851217883,-0.06197470646309021
3380.7,-0.9453654655975706,-0.01626851998591974,-0.06179167711939739
3380.8,-0.945860670759225,-0.016110081226899383,-0.06164493037087002
3380.8999999999996,-0.9463372995524653,-0.015994402155667834,-0.06154016501416913
3381.0,-0.946801519954112,-0.01597556237183436,-0.06147983193452441
3381.1,-0.9472646840431383,-0.016079445754552446,-0.06147326543571728
3381.2,-0.9477400927394142,-0.016296242730313007,-0.06153826407467673
3381.3,-0.9482384901836982,-0.016576255832994564,-0.061689832353260574
3381.3999999999996,-0.9487649156788872,-0.016854747935042914,-0.06192371245307658
3381.5,-0.9493195536106639,-0.0170963003323727,-0.06220767032199315
3381.6,-0.9499018735354138,-0.01732091995114885,-0.06248846077248067
3381.7,-0.9505144346707057,-0.017583927085151798,-0.06271147937684583
3381.8,-0.9511628573240823,-0.017921685661057358,-0.06284208641435975
3381.8999999999996,-0.9518517376341304,-0.018313510965653316,-0.06287796681872067
3382.0,-0.9525802099894137,-0.01869667940835447,-0.0628467860170053
3382.1,-0.9533410330572365,-0.019012069053047607,-0.06278957464680132
3382.2,-0.9541230726479585,-0.019227999135650868,-0.0627395397824709
3382.3,-0.9549137163782595,-0.019322624845171495,-0.06270976973013512
3382.3999999999996,-0.9556985163215963,-0.01925383306552226,-0.06269425428280315
3382.5,-0.9564587894141564,-0.01895476451711953,-0.06267584720912825
3382.6,-0.9571698189603132,-0.018356912645189637,-0.06263351796060969
3382.7,-0.9578009507523617,-0.01741294238050076,-0.06254699590684216
3382.8,-0.9583171577645657,-0.016105849345026516,-0.06240080546589268
3382.8999999999996,-0.9586824794777955,-0.014463224291204758,-0.06218832741486184
3383.0,-0.9588674442569091,-0.012595853699036616,-0.06191423606518939
3383.1,-0.9588612421109292,-0.010739291140108199,-0.06159418096198827
3383.2,-0.9586846478804166,-0.009241059683082673,-0.061252452619459725
3383.3,-0.9583955169695881,-0.008458225892238158,-0.060918593357218984
3383.3999999999996,-0.9580801721052139,-0.008606221612334299,-0.06062347111771589
3383.5,-0.9578319845601592,-0.009656809879181738,-0.06039591767905277
3383.6,-0.9577269407405961,-0.011354453550094623,-0.06026043559125689
3383.7,-0.9578074070307658,-0.013328382273849998,-0.060235323496147616
3383.8,-0.9580787521118681,-0.015217494319237898,-0.060330994567393534
3383.8999999999996,-0.9585157912465697,-0.01674868019273901,-0.060548896070819466
3384.0,-0.9590736420045083,-0.017767878134841483,-0.060881571340014394
3384.1,-0.959699804275932,-0.018248231084585117,-0.06131399325381146
3384.2,-0.9603462107203721,-0.01828146599581394,-0.06182465212312273
3384.3,-0.9609791531848093,-0.018038711739689812,-0.062384481832178706
3384.3999999999996,-0.9615835048097012,-0.017700361492486497,-0.06295575810798199
3384.5,-0.9621591311692828,-0.017385785688513792,-0.06349564883420081
3384.6,-0.962711998597931,-0.017124046731109288,-0.06396409499268332
3384.7,-0.9632462235477631,-0.016886708304633926,-0.06433107703908329
3384.8,-0.9637626564692453,-0.016662204123065606,-0.06458057573765215
3384.8999999999996,-0.9642644524133285,-0.01651072786995762,-0.0647109609982861
3385.0,-0.9647639599152313,-0.016547407322275973,-0.06473143587010657
3385.1,-0.9652841370511673,-0.01686823815585562,-0.06465568857046428
3385.2,-0.9658528589478917,-0.017484310906169566,-0.06449657338943174
3385.3,-0.9664940126069853,-0.018310964233991537,-0.06426534463735092
3385.3999999999996,-0.9672203742910774,-0.01920810963659739,-0.06397445762024619
3385.5,-0.9680310476723498,-0.020037957840533274,-0.06363926213218375
3385.6,-0.9689135438345156,-0.020706602961175682,-0.06327591241300143
3385.7,-0.9698485919754762,-0.021173292888973856,-0.06289771699479757
3385.8,-0.9708148290425643,-0.02143233415332864,-0.06251448008150295
3385.8999999999996,-0.9717913404714817,-0.021488858058825187,-0.06213601742092413
3386.0,-0.972758320630774,-0.021349608179193295,-0.06177545332019963
3386.1,-0.9736975005211393,-0.021029996303173894,-0.061447877640311024
3386.2,-0.974593034063487,-0.020559266326404462,-0.06116659275597996
3386.3,-0.9754321221786656,-0.019973800398599587,-0.06094346565359856
3386.3999999999996,-0.976205294933934,-0.019312759710277617,-0.060794618721428884
3386.5,-0.9769075289554228,-0.018626396023005292,-0.060743194928931925
3386.6,-0.9775403479417467,-0.017981809274138234,-0.0608115110663371
3386.7,-0.9781131626183535,-0.017450960850000388,-0.06100762342801742
3386.8,-0.9786420946936142,-0.017086898183149356,-0.06131883001534489
3386.8999999999996,-0.979146350332026,-0.01690470942560166,-0.061716514308250287
3387.0,-0.979643825121604,-0.01687801283317849,-0.062164783926190834
3387.1,-0.9801475902467791,-0.016950815181614873,-0.06262497008869865
3387.2,-0.9806641041169046,-0.01705767718068417,-0.06305690120917708
3387.3,-0.9811933533752336,-0.017142488113370994,-0.06342175189943151
3387.3999999999996,-0.9817303285234625,-0.017166014470254058,-0.06368659401400469
3387.5,-0.9822665489251442,-0.01710027083180624,-0.06382768248125018
3387.6,-0.9827909581267279,-0.01692201820158079,-0.06383212622567311
3387.7,-0.9832908390977023,-0.016618229053953444,-0.06369874956426934
3387.8,-0.9837536468516853,-0.01620016927867001,-0.06343756824680083
3387.8999999999996,-0.9841698284067834,-0.015711897865266358,-0.06306807202572644
3388.0,-0.9845357290848269,-0.015223473191610987,-0.06261749906222051
3388.1,-0.9848551595650558,-0.01480996175222565,-0.06211912492125654
3388.2,-0.9851385509015887,-0.014527008326296116,-0.06160962118491392
3388.3,-0.9854000814742817,-0.014396776590096727,-0.06112528946647258
3388.3999999999996,-0.9856542986256159,-0.014406555457263121,-0.0606981823437272
3388.5,-0.9859124547724015,-0.014501271070471023,-0.06035290998654209
3388.6,-0.986176167256379,-0.014545623034366009,-0.060103491801519374
3388.7,-0.986425191053016,-0.014253217222425984,-0.059950717964590707
3388.8,-0.9865980597859201,-0.013114645761673437,-0.05988246300092734
3388.8999999999996,-0.9865692113928932,-0.010393766500102356,-0.059878665458244135
3389.0,-0.9861337267590259,-0.005272135287086169,-0.059920976920473976
3389.1,-0.9850155637195838,0.0028530259044618513,-0.06000453140688963
3389.2,-0.9829081155481235,0.014052835699589233,-0.06014527819940083
3389.3,-0.9795371348879701,0.027733955161898083,-0.06037528965628104
3389.3999999999996,-0.9747202867707514,0.0427817170328617,-0.06072478734266282
3389.5,-0.9683991745717181,0.05789181914896553,-0.06119909769272814
3389.6,-0.9606364153737236,0.07191137320355916,-0.061763471669277974
3389.7,-0.9515879780707426,0.08404220257969972,-0.06234474824459185
3389.8,-0.94146717345267,0.09387507371192495,-0.06284626173650554
3389.8999999999996,-0.930511176451699,0.10132540566792743,-0.06316261613600098
3390.0,-0.9189537378169169,0.1065472795257747,-0.0631875193685075
3390.1,-0.9070050834819304,0.10985639017271717,-0.0628210562895568
3390.2,-0.8948389716799087,0.11166048764212726,-0.0619846890591753
3390.3,-0.8825864077325271,0.11238992029971089,-0.06064123774243269
3390.3999999999996,-0.870335306483642,0.11243842714573389,-0.05880759883268512
3390.5,-0.8581341343443077,0.1121396349496108,-0.05655228584927399
3390.6,-0.8459976828663163,0.11178239181896689,-0.053982282987371434
3390.7,-0.8339134379952496,0.11162846369691568,-0.05122873941491962
3390.8,-0.8218478363180897,0.11188819285601605,-0.0484360530650236
3390.8999999999996,-0.8097542867715365,0.11266029435892379,-0.045751939629362595
3391.0,-0.797584614075606,0.11389987826165059,-0.04331438561089648
3391.1,-0.785300614384193,0.11546070221118794,-0.04123685254090653
3391.2,-0.7728796849391677,0.1171873522121495,-0.03959720896416633
3391.3,-0.7603125350455366,0.11898702679823187,-0.0384323622891209
3391.3999999999996,-0.7475976451520088,0.12081756793763462,-0.03773645681709271
3391.5,-0.7347403009924758,0.12260505951963424,-0.0374608105283278
3391.6,-0.7217576914233402,0.12419238156663567,-0.0375165034186845
3391.7,-0.7086825535222446,0.12539708325291885,-0.03778364130720877
3391.8,-0.695558732277658,0.1261290878671514,-0.038131748398388204
3391.8999999999996,-0.682430382997697,0.12644260513965294,-0.03844995061448796
3392.0,-0.669332692697543,0.12646704556942365,-0.03867477225634881
3392.1,-0.6562905688101762,0.12628974906370344,-0.03879833398055439
3392.2,-0.643324830063224,0.12590001484976437,-0.03885002092218642
3392.3,-0.6304588261377847,0.12523020175994865,-0.03886264006587765
3392.3999999999996,-0.6177188779573312,0.1242433580883939,-0.0388441340923688
3392.5,-0.6051283531907746,0.12299213103795394,-0.03876971500948408
3392.6,-0.5927002734532858,0.12161005889199479,-0.03859360136678867
3392.7,-0.5804340104234369,0.12025127884229753,-0.038269316822292246
3392.8,-0.5683177464672974,0.1190215387003558,-0.037767441282211926
3392.8999999999996,-0.5563346716936393,0.11793815502561446,-0.03708321392886843
3393.0,-0.5444694109442392,0.11694158637328231,-0.036230421432504635
3393.1,-0.53271124263532,0.11595185548697132,-0.03522673849417096
3393.2,-0.5210541614567425,0.11492175751179064,-0.03408512083724976
3393.3,-0.50949635651527,0.11384582451122544,-0.03281906024219034
3393.3999999999996,-0.4980393707585654,0.11274459695190801,-0.03145274924928799
3393.5,-0.4866849016576269,0.111663924350531,-0.030024874808409256
3393.6,-0.47542951483836865,0.11068546436245598,-0.02858499831121231
3393.7,-0.4642603498744917,0.1099192385964234,-0.027186773802704244
3393.8,-0.4531544680890134,0.10946961242197518,-0.025881135597226643
3393.8999999999996,-0.4420824808709492,0.109390216496736,-0.02471073092038181
3394.0,-0.43101478641111857,0.10965379407048391,-0.023705029238639236
3394.1,-0.4199276917695988,0.11015936729858031,-0.022875731596887286
3394.2,-0.40880612263138705,0.11078055648592444,-0.02221452500573766
3394.3,-0.39764107319813985,0.11143081324694408,-0.02169628624162586
3394.3999999999996,-0.38642423542402227,0.11210182740794894,-0.02128814310076319
3394.5,-0.37514411383084234,0.11284597751262089,-0.02096124522755677
3394.6,-0.36378638349575537,0.1137140286706508,-0.02070076638947377
3394.7,-0.3523394951524041,0.11468502825108624,-0.020509548627692373
3394.8,-0.3408052263209781,0.11561623128050041,-0.02040219405917267
3394.8999999999996,-0.3292117237653289,0.1162195659275692,-0.020391279128953783
3395.0,-0.3176253415104804,0.11607245939816138,-0.020473040833237015
3395.1,-0.3061564337506068,0.11469323538414944,-0.020619921175658504
3395.2,-0.29495257392835655,0.111708144515991,-0.02078042927212227
3395.3,-0.28417462348004896,0.10706770645011042,-0.02088180260460589
3395.3999999999996,-0.27395859976779596,0.10117350830390276,-0.02083569775931193
3395.5,-0.2643777974446829,0.09477713256558536,-0.020553018051654246
3395.6,-0.25542536057225257,0.08867916735032358,-0.019968331425384206
3395.7,-0.2470269338541188,0.08343825351388759,-0.0190626437054287
3395.8,-0.23907248136726836,0.07927605437363502,-0.017871417725209338
3395.8999999999996,-0.23144671785231685,0.07616938641676026,-0.016474395778338168
3396.0,-0.22404651857903368,0.07398787785722957,-0.014974411872698917
3396.1,-0.21678702479818965,0.07257205863886161,-0.013476251664246769
3396.2,-0.2096032698572412,0.07175075973021261,-0.012072617345706227
3396.3,-0.20245086642457952,0.07134390304849413,-0.010836546153702664
3396.3999999999996,-0.19530523450582968,0.07117607328923503,-0.009816532889441199
3396.5,-0.18815857356671886,0.07109201860733501,-0.009034161268254896
3396.6,-0.18101572485501888,0.0709595651004448,-0.008486142406431344
3396.7,-0.17389146944301903,0.07066633575733634,-0.008149767648723435
3396.8,-0.16680942493721046,0.07013104416321343,-0.00798821039770007
3396.8999999999996,-0.1597988004703246,0.06933521329433708,-0.007954022656943808
3397.0,-0.15288635416129348,0.0683477459985732,-0.007993402983354417
3397.1,-0.14608715603418482,0.06730207335941106,-0.008055124609257867
3397.2,-0.1394013703817035,0.06631902993375091,-0.008103376767007196
3397.3,-0.13282082367312964,0.0654197589660346,-0.008127820372813876
3397.3999999999996,-0.12634240721228632,0.06449004429822523,-0.008144242991145715
3397.5,-0.11998035979727288,0.0633248027147243,-0.008184827541292027
3397.6,-0.11376993489718022,0.06172735325910148,-0.008281000711119011
3397.7,-0.1077603969428338,0.059600821639583995,-0.008442446312327606
3397.8,-0.10200210358702727,0.056977101777905166,-0.008640538661893677
3397.8999999999996,-0.09653556918225314,0.05398174028738373,-0.008809297813737125
3398.0,-0.09138632030309707,0.05077973942591219,-0.008868370217399535
3398.1,-0.08656336976744317,0.04754246926864844,-0.00875471078919151
3398.2,-0.08205823314046368,0.04443866965209777,-0.00844294916498269
3398.3,-0.07784471473525607,0.041628124536587624,-0.00794575238645938
3398.3999999999996,-0.07388141019714094,0.03924365762769111,-0.00729943658181947
3398.5,-0.07011740640968053,0.037367079548850914,-0.0065452316135836
3398.6,-0.06649965394646368,0.036010029920090655,-0.005716381887047715
3398.7,-0.0629799481720925,0.035106965389455916,-0.004837087454435167
3398.8,-0.05952044890421989,0.0345263249512951,-0.00393120613014774
3398.8999999999996,-0.056097618349075486,0.03409563905952079,-0.0030326317037853634
3399.0,-0.05270510093071899,0.03362489211393873,-0.002189126861056236
3399.1,-0.04935610180537557,0.032921525912905,-0.001455800894932316
3399.2,-0.04608404180628488,0.03181383666165418,-0.0008812977231136683
3399.3,-0.042938067682413227,0.0302044229885917,-0.0004942526175247341
3399.3999999999996,-0.03997084703066435,0.028139702379392513,-0.00029595956673981013
3399.5,-0.03722122965464753,0.025835291719138093,-0.00026153641429851296
3399.6,-0.034699901862695885,0.023608558909684985,-0.0003495233483707439
3399.7,-0.032386191848009574,0.02174848583991407,-0.0005160447331678192
3399.8,-0.030237112126669033,0.02041014269945742,-0.0007262118589439569
3399.8999999999996,-0.02820205904143398,0.01959245786212769,-0.0009581054869464983
3400.0,-0.02623531103222177,0.01918813494274873,-0.0012015856723650762
