time,vane_AoA,Ahrs1_Pitch,Ahrs1_bPitchRate
2675.0,0.0,0.0,0.000815139328057062
2675.1,4.829284618601617e-05,9.667780629784527e-05,0.00038238092610321883
2675.2,0.00010542406717963582,0.00015366136275983934,2.3532407486122208e-05
2675.3,0.00014824526595047353,0.00017877983904030133,-0.00025819029071478676
2675.3999999999996,0.00016302952083664066,0.00018057648942596154,-0.00045695258996490283
2675.5,0.00015335474551339868,0.00016758534835329103,-0.0005699350716058062
2675.6,0.00013485711585555613,0.00014720986878155237,-0.0006037484456916186
2675.7,0.00012218074720507583,0.00012498458881993215,-0.0005724574172768152
2675.8,0.00011907750356262369,0.00010531142327634859,-0.00048589204359949264
2675.8999999999996,0.00011924489189944812,9.378205934352444e-05,-0.00033619140561096957
2676.0,0.00011684151390962812,9.957180149617822e-05,-9.076670330138073e-05
2676.1,0.00011774479134516635,0.00013661877282861512,0.0003068800621978802
2676.2,0.00014202962369126837,0.00022431703479998546,0.0009319571605162136
2676.3,0.00021637388322239053,0.0003890086622801181,0.0018699059569742109
2676.3999999999996,0.0003631087685381559,0.0006654542900290763,0.003200014307184999
2676.5,0.0005934365620794637,0.0010956270863551995,0.004967113882548731
2676.6,0.0009089458551015935,0.0017230872326242464,0.007148934279660778
2676.7,0.0013102198064084399,0.0025840986583796736,0.009638825140712176
2676.8,0.001805128835073543,0.003699214418680695,0.012261120078954309
2676.8999999999996,0.0024085726925491117,0.00506926823571134,0.014817875014199235
2677.0,0.003133310391043467,0.006677344716879938,0.017146055962886143
2677.1,0.003979663643702881,0.008495377167624461,0.019158191890954756
2677.2,0.004931490329080673,0.010492281892016038,0.02084810869758305
2677.3,0.005960182707157513,0.012640249583758166,0.022262326737005015
2677.3999999999996,0.0070341012433839676,0.014917108621866728,0.023457470835085533
2677.5,0.008128399784283001,0.01730489109536471,0.02446817977515442
2677.6,0.00922971409338744,0.019786410191188514,0.025295961698839933
2677.7,0.010333618616532154,0.022341922262729467,0.025915191921598996
2677.8,0.011437040914856512,0.02494742007197314,0.026288972610120063
2677.8999999999996,0.012529510009716163,0.027575259708257527,0.026388531005759597
2678.0,0.01358781873395032,0.030196764523028406,0.02620977985591309
2678.1,0.014578234242657242,0.0327856948070791,0.02578162940891968
2678.2,0.01546682839361597,0.035321279381034604,0.0251649471191805
2678.3,0.016233055029347254,0.03779022559971058,0.02444542493091682
2678.3999999999996,0.01687847408394918,0.040188012342480935,0.023722907272955535
2678.5,0.017424740894754136,0.04251950297118135,0.023096126967553098
2678.6,0.01790142488039578,0.044798107049643855,0.022642237548434536
2678.7,0.01833177927303474,0.047042804790981795,0.022396666060249478
2678.8,0.018726516002698236,0.04927342300241386,0.022344162832352608
2678.8999999999996,0.01908680620994488,0.051505776483861725,0.02242915876779635
2679.0,0.01940885916744146,0.0537487959660364,0.022581233414330357
2679.1,0.019685688580283155,0.05600460905924792,0.02273964527817936
2679.2,0.019909523462379102,0.058270623882467065,0.022863161993164856
2679.3,0.020077476875666862,0.06054181620643369,0.022926111111618432
2679.3999999999996,0.020196378662314655,0.06281202320566794,0.022913104939165627
2679.5,0.02028192843908159,0.06507453314778987,0.022821280726225635
2679.6,0.020353202396192763,0.06732300606790284,0.02266535338753051
2679.7,0.020427368844653432,0.06955288741400932,0.022474001879019538
2679.8,0.0205182093049764,0.0717621296916924,0.022273767258163657
2679.8999999999996,0.020638598286325777,0.07395004483987623,0.0220703048067173
2680.0,0.020802604967547204,0.07611469886542475,0.021842586769180026
2680.1,0.021021239684957373,0.07825084551838672,0.02155715652452374
2680.2,0.02129270564945838,0.0803504669554546,0.021194554361601975
2680.3,0.021596615604313397,0.0824061055460534,0.020771193275711634
2680.3999999999996,0.02189965813661092,0.08441513311450714,0.020341773643239337
2680.5,0.02216963145281186,0.08638242427177066,0.019978568622884576
2680.6,0.0223878406674912,0.0883196184626739,0.019737257466501727
2680.7,0.02255220677920018,0.0902409978659403,0.01962492459715235
2680.8,0.022671494099132612,0.09215753066899801,0.019584873438187655
2680.8999999999996,0.022757018201436656,0.09407114574678123,0.01950842683945213
2681.0,0.022815713337233482,0.09597150616074127,0.019272909218193527
2681.1,0.022842843248844478,0.09783716180790736,0.018789857451752996
2681.2,0.022815673473048022,0.09964118191414449,0.01804150436309356
2681.3,0.022697861498986224,0.10135930541510856,0.017090718434550244
2681.3999999999996,0.02246192279696296,0.10297737873385723,0.01605925847846069
2681.5,0.02211926314629238,0.10449477855037746,0.015080607238238878
2681.6,0.02173154064856849,0.10592246416403812,0.014248379892481945
2681.7,0.021385579417698794,0.10727700707343253,0.013584926398676287
2681.8,0.02114507941767629,0.10857325700859699,0.013041571107232542
2681.8999999999996,0.02101587101344034,0.10981826419562823,0.012524806202898878
2682.0,0.020950818335644716,0.11100831957613509,0.011931328061482413
2682.1,0.020885307725954323,0.11212956438224997,0.011175910102220854
2682.2,0.020770638253821146,0.11316154799529476,0.010211457818213997
2682.3,0.020582517378790757,0.11408301731685569,0.009049889670573578
2682.3999999999996,0.020309829473112717,0.11487914386780108,0.007778887261329315
2682.5,0.019943280481573598,0.11554844124522651,0.006551843737509404
2682.6,0.019475477772587787,0.11610629862618525,0.005538089304736416
2682.7,0.018910125964351703,0.11658259355487738,0.0048567219162761075
2682.8,0.018271606405414177,0.11701423170072942,0.004540159961810428
2682.8999999999996,0.017606062676185398,0.11743694916166676,0.004552201555526881
2683.0,0.016969726210299525,0.11788099035153252,0.004839743947199229
2683.1,0.016410150325814266,0.11837190435184539,0.005372701702858142
2683.2,0.015953499736745997,0.11893344209085975,0.00614189282379401
2683.3,0.015606000037442141,0.11958804578353513,0.007122959251392625
2683.3999999999996,0.01536547144475454,0.12035322646487893,0.0082438501849812
2683.5,0.015233192372755144,0.12123640491552694,0.009386940663137201
2683.6,0.015219532715356997,0.122231895274285,0.010419961823325956
2683.7,0.015342057955102077,0.12332119459841298,0.011225333972149257
2683.8,0.015617877537689904,0.12447529639938203,0.011711574319924221
2683.8999999999996,0.01605325569139589,0.1256577044782468,0.011816954239060156
2684.0,0.016634145942643872,0.12682797749175953,0.011519158081384883
2684.1,0.017321287982339877,0.1279461623693562,0.01084695464560427
2684.2,0.018052280806536553,0.12897786034721379,0.009879213199238627
2684.3,0.018750951908279186,0.12989861481381773,0.008726730979425846
2684.3999999999996,0.019341756711458418,0.13069616803108297,0.007506336163124606
2684.5,0.01976557588330853,0.13136998073911746,0.006318267706051981
2684.6,0.019992529847803885,0.1319285130515786,0.005231957602638731
2684.7,0.020026399825768888,0.13238550528877996,0.00428320362152612
2684.8,0.01989791239695964,0.13275669848647684,0.00348414633147712
2684.8999999999996,0.01965171798935891,0.13305809101355018,0.002839509622719213
2685.0,0.019336187306008785,0.13330569741203918,0.0023552115564407085
2685.1,0.018999817725123908,0.13351548278962255,0.0020302815907393933
2685.2,0.01868904452594952,0.1337019557098039,0.0018388519260325335
2685.3,0.01844007642346426,0.1338752055407043,0.0017205983658682387
2685.3999999999996,0.01826487620983704,0.13403798229697397,0.0015932548573373009
2685.5,0.01814108621028149,0.13418509098099612,0.0013832209761491998
2685.6,0.018017308427947572,0.1343061284672401,0.0010561248487630617
2685.7,0.017837288301879545,0.13439048743565615,0.000631475555160757
2685.8,0.01757470451486088,0.13443240813807475,0.00017563942792014951
2685.8999999999996,0.017259186079865516,0.13443388143414256,-0.00022785271785874612
2686.0,0.016971412900281868,0.13440380988668454,-0.0005228700802377437
2686.1,0.01680077588984752,0.1343533641461052,-0.0007146393132623264
2686.2,0.016789143104669484,0.13428979834832536,-0.0008656933795960115
2686.3,0.016902796024867692,0.1342124428048206,-0.0010541332681096535
2686.3999999999996,0.01705719293270191,0.13411344058700456,-0.001326374319319423
2686.5,0.017174522498345675,0.13398244592690528,-0.001679790477910641
2686.6,0.01722590056112056,0.1338116741889001,-0.002080584981501378
2686.7,0.01722919223716981,0.13359816988705708,-0.0024909429520326293
2686.8,0.017216546550779248,0.1333432228847724,-0.0028809507451761887
2686.8999999999996,0.01720681006549986,0.13305091758762613,-0.003226033530950675
2687.0,0.017202209660009564,0.13272719042125328,-0.0035061510215869045
2687.1,0.017200246565618083,0.1323790447151311,-0.0037148411313343383
2687.2,0.017200860648489944,0.1320130676533102,-0.003867805194343765
2687.3,0.017201874381577973,0.13163364542678255,-0.0039951200674542674
2687.3999999999996,0.017193112019291197,0.13124246693123265,-0.004117227053504449
2687.5,0.017161459403046003,0.13084030508345265,-0.004224457727624904
2687.6,0.01710644974382862,0.13042993987454904,-0.004281581080253795
2687.7,0.017053702034734147,0.13001734321180045,-0.004261870757320873
2687.8,0.01705326963568134,0.12960859902918362,-0.004194083413911792
2687.8999999999996,0.017161164057751206,0.12920237417095656,-0.004196338968856412
2688.0,0.017412886025271954,0.12878042593347513,-0.004477572049324546
2688.1,0.017800696861535133,0.12830033853177306,-0.005294849615493569
2688.2,0.018265556845792844,0.1276953112262564,-0.0068628769093988335
2688.3,0.01871013431497234,0.12688459331152113,-0.009243577452600578
2688.3999999999996,0.019027425643970215,0.1257932067947426,-0.01228350589056495
2688.5,0.019129488862395582,0.12437269059682733,-0.01565380209825232
2688.6,0.018964750258849458,0.12261261135159612,-0.01897151835613502
2688.7,0.01852373662267463,0.12053864465514752,-0.021922415873654722
2688.8,0.01783698707287366,0.11820102615923006,-0.02432339988907733
2688.8999999999996,0.016964951575779617,0.11566029701466295,-0.02612089311065564
2689.0,0.01597883043978054,0.11297564506145046,-0.027355970211940178
2689.1,0.014936918288960346,0.11019798676943993,-0.0281238703480364
2689.2,0.013866382650722566,0.1073674048590545,-0.028537898529752394
2689.3,0.012759267575652182,0.10451365200412728,-0.028699111560727575
2689.3999999999996,0.011583769131700172,0.10165859459111427,-0.028676530674947385
2689.5,0.01030274734957525,0.09881935510838041,-0.028503273898516913
2689.6,0.00888970846264894,0.09601092153846397,-0.028184239224826373
2689.7,0.007341487352832563,0.09324797518401814,-0.02770500682144873
2689.8,0.005694913742392784,0.09054624793042801,-0.02704007633917715
2689.8999999999996,0.004046704772773756,0.08792323136943993,-0.02616865223175075
2690.0,0.0025577572621426356,0.08539716976080662,-0.025102967429544022
2690.1,0.0014202125237843732,0.08298292590793392,-0.02391835327113366
2690.2,0.0007902996773785001,0.08068492776652224,-0.022760235179007
2690.3,0.0007197797219852735,0.0784907649776697,-0.021808640885103963
2690.3999999999996,0.0011258667312030975,0.07637079245603472,-0.02120819545637504
2690.5,0.001821663454946958,0.07428605897032026,-0.021001439563278216
2690.6,0.0025956300041406,0.07220085283162424,-0.021112021195447247
2690.7,0.0032953404785590825,0.0700924058202941,-0.02139539450506911
2690.8,0.003868999045270387,0.06795235339345479,-0.021721053131676292
2690.8999999999996,0.004352868892512268,0.06578065018091081,-0.022027736686978855
2691.0,0.004825347359895956,0.06357734101494368,-0.022327039580804297
2691.1,0.0053548696949245606,0.06133762904478188,-0.02267300087340999
2691.2,0.005962447403193527,0.05905202970298312,-0.023122735961530513
2691.3,0.0066119000868567175,0.05670976487645137,-0.023701739309743477
2691.3999999999996,0.007228432181854237,0.05430243293168007,-0.02438517294643819
2691.5,0.007733002110194092,0.05182630062886024,-0.025103911508217436
2691.6,0.00807500386938671,0.0492835981233093,-0.02576987195177555
2691.7,0.008249338227770188,0.0466833257884717,-0.026306202605765692
2691.8,0.008292118176643255,0.04404049974425504,-0.026671752046353747
2691.8999999999996,0.008258789498402037,0.04137272223299708,-0.02687244483416321
2692.0,0.008196204852412773,0.03869542014700227,-0.0269530070594483
2692.1,0.008123863037558297,0.03601878810678839,-0.026971209167316695
2692.2,0.008034381701609241,0.03334802741652627,-0.026970819788298413
2692.3,0.007908195622311775,0.030685648459683506,-0.026971470356315246
2692.3999999999996,0.007725660524035269,0.028033314010603053,-0.026977931673791505
2692.5,0.00746340485368153,0.025391951210486558,-0.026995195604860543
2692.6,0.007077780990350921,0.022760743273721497,-0.027033359649294063
2692.7,0.006495991810364367,0.020136863806422923,-0.02709334188772629
2692.8,0.005640566061360184,0.017518102163869988,-0.0271391371221401
2692.8999999999996,0.004491349669352307,0.014908264848200235,-0.02708344597960851
2693.0,0.003147693097340087,0.012321568998266062,-0.026817592093507085
2693.1,0.0018318017604044485,0.009781112058103081,-0.026283147549321338
2693.2,0.0008077234474706499,0.007310005232012943,-0.025535922652165154
2693.3,0.000256020766289738,0.004919334502622126,-0.02474595619180635
2693.3999999999996,0.00018244596904052522,0.00260028880719606,-0.024122440847434843
2693.5,0.0004200181020575783,0.00032593557109503803,-0.023808438478798537
2693.6,0.0007233869333469386,-0.0019379402045091923,-0.023813437800091777
2693.7,0.0008960384289406192,-0.004219303556828466,-0.02402454887569078
2693.8,0.000877175336940647,-0.006531333322052188,-0.0242812960579958
2693.8999999999996,0.0007484305329208271,-0.008872782263503793,-0.024463746950722166
2694.0,0.0006675019210989303,-0.011235600017223976,-0.02454770982541268
2694.1,0.0007708333439862526,-0.013614609779615575,-0.02460292761045295
2694.2,0.001101493212194555,-0.016013604901522736,-0.024738662226315822
2694.3,0.0015998371581253117,-0.018444860828355693,-0.025032434648021847
2694.3999999999996,0.002148967509642216,-0.020923324871119326,-0.025488834582762895
2694.5,0.002633641075303788,-0.023459906242764172,-0.026048495534706295
2694.6,0.002977675883591309,-0.026057755092459285,-0.02662732718147067
2694.7,0.00315316084677795,-0.028712306641568697,-0.027151788058098928
2694.8,0.003172792984528174,-0.03141348649809766,-0.027572316283676727
2694.8999999999996,0.0030749049150098945,-0.03414827027084628,-0.027861058317749023
2695.0,0.0029042568655451182,-0.036902965664395014,-0.02800917561692392
2695.1,0.002694380302592467,-0.039665057304060496,-0.028027426216936272
2695.2,0.002461054834228598,-0.04242414579347679,-0.02794128681642827
2695.3,0.002209045197452067,-0.04517185700256553,-0.02777764602419724
2695.3999999999996,0.0019431286478942403,-0.047901263027005155,-0.027552405514675554
2695.5,0.001673781721912124,-0.05060628403386533,-0.027267583996113412
2695.6,0.0014150640425112584,-0.05328112595886383,-0.026917253698571442
2695.7,0.0011775025895941153,-0.05591976547974345,-0.02649669506745276
2695.8,0.0009613981462599236,-0.058515487426808954,-0.02600901999225952
2695.8999999999996,0.0007576050256320076,-0.06106077444025267,-0.025466126325114306
2696.0,0.0005583990085571688,-0.06354819059503775,-0.024885050281026774
2696.1,0.0003704968749296087,-0.06597223612162863,-0.024283689545874024
2696.2,0.00021787655211103778,-0.06833081142431038,-0.023680059749691288
2696.3,0.0001297128882308684,-0.07062521912178772,-0.023096217250956928
2696.3999999999996,0.00011909753333852101,-0.07285959882568777,-0.02256259524101406
2696.5,0.00016290387330959155,-0.07504097911207207,-0.022114411962420425
2696.6,0.0001947816406571431,-0.07717908543901687,-0.021774030699235853
2696.7,0.0001229120113193808,-0.07928383832111917,-0.021524973144434353
2696.8,-0.00012566811918748692,-0.08136040309146896,-0.021298722209678312
2696.8999999999996,-0.0005551612791107566,-0.0834048581550379,-0.020998296296425314
2697.0,-0.001083763024930945,-0.08540464762752761,-0.02055802565698956
2697.1,-0.001581417830930346,-0.08734534921754807,-0.01999779497029999
2697.2,-0.0019401712386987278,-0.08922000990685383,-0.01941916512754336
2697.3,-0.002124781392946072,-0.09103433952607239,-0.018939619538605387
2697.3999999999996,-0.002170275377613345,-0.09280414793032528,-0.018621033814118608
2697.5,-0.002141178358611942,-0.09454767719437876,-0.01844976481016215
2697.6,-0.002095083567710081,-0.09627896132791314,-0.018373527431685757
2697.7,-0.0020779723392126996,-0.0980063724929047,-0.01835333201182645
2697.8,-0.002140828728845783,-0.09973547756095213,-0.018383516277419156
2697.8999999999996,-0.0023446005668072583,-0.10147177898705209,-0.018466156014861918
2698.0,-0.002733969275304442,-0.10321976375312009,-0.018570356620317884
2698.1,-0.0032958988001018583,-0.10497877073046888,-0.01862222133124382
2698.2,-0.003940454170311364,-0.1067398900951834,-0.01854170027783725
2698.3,-0.00452555945285403,-0.10848806471860063,-0.01829743828641756
2698.3999999999996,-0.00491123981428936,-0.11020942700867135,-0.017936322481664154
2698.5,-0.005010990881902989,-0.11189964148976118,-0.017570594712938835
2698.6,-0.004818110250142365,-0.11356812920776828,-0.017332746700327813
2698.7,-0.004401281363344915,-0.1152355451471494,-0.017317043666627053
2698.8,-0.0038739104080168863,-0.11692586495921117,-0.01753500047957461
2698.8999999999996,-0.003349563459261035,-0.11865749584883178,-0.01791352722850369
2699.0,-0.002903252483624766,-0.12043798841574155,-0.0183385933999735
2699.1,-0.0025594150455074596,-0.12226424526771072,-0.018712534811479435
2699.2,-0.002312686467550209,-0.1241266132276008,-0.01898438619074589
2699.3,-0.0021616293845905287,-0.12601313617013363,-0.019138833588535548
2699.3999999999996,-0.0021250603108194377,-0.12791110777673254,-0.01916626250064395
2699.5,-0.0022305068412971888,-0.1298060180136426,-0.01904713199526767
2699.6,-0.002490585053494071,-0.13168038040890956,-0.01875963078068041
2699.7,-0.002885887593472181,-0.1335145932670172,-0.01829390788155266
2699.8,-0.003359657265259925,-0.1352895833323255,-0.01765881028189749
2699.8999999999996,-0.0038241080087248187,-0.1369895480507008,-0.016881871492996654
2700.0,-0.004180527019610367,-0.13860357729403144,-0.01600533797423769
2700.1,-0.004350800105878638,-0.14012597579397065,-0.015077967261435512
2700.2,-0.004306059537129829,-0.14155576841668854,-0.01414540505702254
2700.3,-0.004074265371792849,-0.14289573789793053,-0.013243352820158543
2700.3999999999996,-0.003721859274066217,-0.14415087157440562,-0.012392790603690173
2700.5,-0.003321422702370278,-0.14532616903745213,-0.011595101431587478
2700.6,-0.0029226344646119504,-0.14642463818957,-0.010833059385402676
2700.7,-0.002540287169614057,-0.147446886251614,-0.010086742912029194
2700.8,-0.0021662571608031247,-0.14839306563066273,-0.009358549524602392
2700.8999999999996,-0.0017994648691519446,-0.14926613070249287,-0.008682573377406837
2701.0,-0.0014718249348177155,-0.150073540820276,-0.008099147488438098
2701.1,-0.0012453741090253337,-0.15082503558579755,-0.007611604059007554
2701.2,-0.0011767368710566895,-0.15152747691572033,-0.007169282605309924
2701.3,-0.0012736265875612043,-0.15218083022966244,-0.0066985693955107
2701.3999999999996,-0.0014763633294746685,-0.1527788411025464,-0.006156974047873918
2701.5,-0.001678610717180905,-0.15331442859523473,-0.00556766106644313
2701.6,-0.001773774986389693,-0.15378655296184107,-0.00501306892222464
2701.7,-0.0016995196460330214,-0.15420450970315808,-0.004595396540017244
2701.8,-0.0014597240283759358,-0.1545872589336293,-0.0043882848865447206
2701.8999999999996,-0.001118721652310041,-0.1549584301111388,-0.004407426567365446
2702.0,-0.0007751427869898828,-0.15534018475998856,-0.004615212415289
2702.1,-0.0005300543144449683,-0.15574921234427444,-0.004949252884249061
2702.2,-0.0004627814652578895,-0.15619583886689592,-0.005349003609928701
2702.3,-0.0006176206986723881,-0.1566848486882101,-0.005762866425695373
2702.3999999999996,-0.0009955765943067368,-0.15721590952303335,-0.006137626528343492
2702.5,-0.001548205567219545,-0.1577826018400978,-0.006407864568114261
2702.6,-0.0021832936843886324,-0.15837127518149446,-0.006505101571839329
2702.7,-0.0027933491903390476,-0.15896223035122567,-0.00638715919119462
2702.8,-0.0032968991521498147,-0.15953404249840145,-0.006063451686984376
2702.8999999999996,-0.003665237281731156,-0.16006880478408295,-0.005591393443462254
2703.0,-0.0039189188183192105,-0.16055522651532417,-0.005044667689845343
2703.1,-0.004103249932463984,-0.16098831119669435,-0.004476369301942662
2703.2,-0.004262190825084273,-0.16136640514495512,-0.003899732809196677
2703.3,-0.004422132183955828,-0.16168747698817015,-0.00329438993898767
2703.3999999999996,-0.004585906383085071,-0.16194678035649,-0.0026317899991822793
2703.5,-0.004734061905228871,-0.1621374118703691,-0.0019045704353941708
2703.6,-0.00483263377848846,-0.16225348846599544,-0.001141505032911064
2703.7,-0.0048467539194739714,-0.1622937277313869,-0.0003977394982196307
2703.8,-0.004755371745455516,-0.1622630081427784,0.0002703215489515423
2703.8999999999996,-0.004560773205295965,-0.1621714027139657,0.0008241364799209694
2704.0,-0.004289948713239311,-0.16203198108409594,0.0012476532776332925
2704.1,-0.003987437067625832,-0.1618584195138787,0.0015468530553894623
2704.2,-0.003701352566291124,-0.16166248696486407,0.0017500632167743897
2704.3,-0.003467877449456801,-0.16145173811435473,0.0019028187851898284
2704.3999999999996,-0.003300668271375291,-0.161228407214448,0.002053811451339289
2704.5,-0.0031888959031412404,-0.16099003106469015,0.0022394580866215955
2704.6,-0.003104461928229582,-0.1607312657310532,0.002476237615313738
2704.7,-0.0030157380224544333,-0.16044599142482951,0.0027622476316411966
2704.8,-0.002901170128100508,-0.160129089597364,0.003083408837477616
2704.8999999999996,-0.0027554145371089427,-0.15977755080178363,0.00342036555303125
2705.0,-0.0025861984304048203,-0.15939075280353893,0.0037544933289698065
2705.1,-0.0024068757776810243,-0.15897005797012304,0.004071767059545949
2705.2,-0.002230364156583445,-0.15851807394528641,0.004363910277084966
2705.3,-0.0020661569275842884,-0.15803777915877668,0.004628210312723626
2705.3999999999996,-0.0019201985613306262,-0.15753166639269606,0.0048675333227206
2705.5,-0.001797109017522353,-0.15700127396891528,0.005089912679574001
2705.6,-0.0017026191349571171,-0.15644741515211527,0.00530680627987303
2705.7,-0.0016438155135868526,-0.15587073898193834,0.005530715596811991
2705.8,-0.0016271633642738882,-0.155271719801169,0.005772678401526607
2705.8999999999996,-0.0016554067611830381,-0.1546498032064281,0.006039170694558167
2706.0,-0.001724362133361133,-0.1540027762229084,0.006328754953356761
2706.1,-0.001822287463458003,-0.15332763921386716,0.00663021085213206
2706.2,-0.0019346613277501734,-0.15262272160674184,0.006924309617289828
2706.3,-0.002052759534786698,-0.15188936846199744,0.007190498436037453
2706.3999999999996,-0.002180058307944963,-0.151131805005778,0.007417419273774177
2706.5,-0.0023312506173161517,-0.1503551343585782,0.007612525198178399
2706.6,-0.0025234767793901086,-0.1495626258647589,0.007803260012809633
2706.7,-0.0027646925726544738,-0.148753885978518,0.008025826607946557
2706.8,-0.003046658445425229,-0.14792493977636118,0.008307920655000724
2706.8999999999996,-0.0033470591649556194,-0.1470699465386115,0.008658069609986257
2707.0,-0.0036384719860431992,-0.14618319443851724,0.009067864982682196
2707.1,-0.0038973011813450867,-0.14526012749008155,0.00952172131236562
2707.2,-0.004107586736275658,-0.14429722229796912,0.010004846101908695
2707.3,-0.004260227256241387,-0.14329147861405273,0.01050505490721042
2707.3999999999996,-0.0043514876772005225,-0.14224044043388523,0.011010063531813273
2707.5,-0.0043827158685647225,-0.14114310106984868,0.011504641719012365
2707.6,-0.004359978077061921,-0.14000105938910226,0.011971173939365934
2707.7,-0.004292474382590419,-0.13881871038317842,0.012393586013085963
2707.8,-0.004190324687041785,-0.1376019100094596,0.012761957211885104
2707.8999999999996,-0.0040630750934442,-0.1363559252467522,0.01307562449971629
2708.0,-0.003919981872459507,-0.13508407988277993,0.013343630543663075
2708.1,-0.003771422000080566,-0.13378757275438716,0.013582127524920513
2708.2,-0.0036283546381735664,-0.1324659784621958,0.013809209430922998
2708.3,-0.003498133611868148,-0.13111811399569626,0.014038532738814955
2708.3999999999996,-0.003380826693668065,-0.12974311512807662,0.0142745796066713
2708.5,-0.0032711559588584184,-0.12834121291367157,0.014512455625194418
2708.6,-0.0031644368506465064,-0.12691375974659433,0.01474238521745139
2708.7,-0.003061252986280837,-0.12546265708656731,0.014955906338066803
2708.8,-0.0029684817483010854,-0.12398973174970965,0.015150096140157374
2708.8999999999996,-0.0028971374774150794,-0.12249649455404271,0.015328474909043115
2709.0,-0.002858114988627217,-0.12098421861702362,0.015499383677795874
2709.1,-0.0028574230147327168,-0.11945397379502984,0.015672554888807613
2709.2,-0.002893219800018238,-0.11790642766893526,0.015854617979814214
2709.3,-0.0029563089081882836,-0.11634155313789608,0.016045660098340884
2709.3999999999996,-0.0030338949190122718,-0.11475869941859154,0.01623887794278343
2709.5,-0.003114775395905963,-0.11315732958798343,0.016423215507947717
2709.6,-0.0031934566140406264,-0.11153802324389271,0.01658773864797059
2709.7,-0.0032711866375452563,-0.10990287313150036,0.01672639341663356
2709.8,-0.0033538041276775657,-0.10825486937880213,0.016841322211150492
2709.8999999999996,-0.0034482264165055774,-0.10659671824061337,0.016942635608972315
2710.0,-0.003558620605146656,-0.10492984440448767,0.017044229565290153
2710.1,-0.00368240115442896,-0.10325413726723612,0.0171583812727672
2710.2,-0.003809267417074914,-0.10156840431640744,0.01729243494331432
2710.3,-0.003926727031812908,-0.09987098629145409,0.01744846656640765
2710.3999999999996,-0.004028256118093542,-0.09816005876908487,0.017624715486390944
2710.5,-0.0041159214783876765,-0.09643354030752971,0.017817350152131695
2710.6,-0.004195441735650414,-0.09468905390656843,0.018021740533936712
2710.7,-0.00426949229756631,-0.09292445478949078,0.018232779445776972
2710.8,-0.0043347446376473895,-0.09113881866352606,0.018444718828595323
2710.8999999999996,-0.004382986022903083,-0.08933315902839226,0.01865190503083862
2711.0,-0.004404375229722448,-0.0875101214051493,0.018850770082560687
2711.1,-0.004391230002695827,-0.08567252046358359,0.0190412119402565
2711.2,-0.004340617654249832,-0.0838216678679914,0.019225343142003623
2711.3,-0.004254956614537755,-0.08195696227056234,0.0194042452642089
2711.3999999999996,-0.00414218264292594,-0.0800771331775963,0.019575576847514944
2711.5,-0.004016822725338781,-0.07818190661031478,0.01973485465467356
2711.6,-0.003899926985622222,-0.07627234600880799,0.01988075948262859
2711.7,-0.003814051714900425,-0.07434948281312737,0.02002047011326828
2711.8,-0.0037734418619160062,-0.07241269878514615,0.020169457605625545
2711.8999999999996,-0.0037755684528229614,-0.07045931616607226,0.020344541148059187
2712.0,-0.003799991954022528,-0.06848549481535318,0.020554564163728906
2712.1,-0.003815142208756008,-0.06648772791573089,0.020794064493262578
2712.2,-0.0037906463443103115,-0.06446425727489596,0.021043341939069062
2712.3,-0.0037114283233469054,-0.06241586322647961,0.021275629299803648
2712.3999999999996,-0.0035865869267775762,-0.06034589238645646,0.021467848973738483
2712.5,-0.0034468266444578548,-0.058259708990059215,0.021608656390206486
2712.6,-0.003331973223822252,-0.056163497408353,0.02170071815019103
2712.7,-0.0032765590375802116,-0.05406234860505024,0.021760255958313875
2712.8,-0.0032996163018908804,-0.05195809076539351,0.02181629491133414
2712.8999999999996,-0.00339953271306308,-0.049848017875540176,0.02190557150722945
2713.0,-0.003554140666659648,-0.04772565204250098,0.022059057325217755
2713.1,-0.0037278609381847416,-0.04558340746004279,0.022285579181900574
2713.2,-0.0038845710662880543,-0.04341565995543031,0.02256440604496544
2713.3,-0.0039993675436946,-0.04122069187064213,0.022852597006972546
2713.3999999999996,-0.00406236196122112,-0.03900104146362728,0.0231018530248728
2713.5,-0.004073590649207693,-0.036762662065823994,0.023275555301549344
2713.6,-0.00403553917895203,-0.03451359110560825,0.023359003341666774
2713.7,-0.003952140808703861,-0.032262496773076174,0.02335968145611098
2713.8,-0.0038352203242139767,-0.030017107524914547,0.023299379436023712
2713.8999999999996,-0.003708556029109037,-0.02778268336303452,0.023204104926326408
2714.0,-0.0036004921505627375,-0.025561024590741846,0.02309745249270447
2714.1,-0.003528650328061472,-0.0233507074204863,0.02299855002633121
2714.2,-0.0034894597163983606,-0.021148531249806035,0.022922003975808302
2714.3,-0.003461326581239344,-0.01895106780755478,0.02287707806121984
2714.3999999999996,-0.00341941798243206,-0.016755386725439678,0.02286531418937209
2714.5,-0.00335260912725461,-0.014559228700394628,0.022878967156066934
2714.6,-0.0032723699086083104,-0.01236125636489651,0.022904106764467774
2714.7,-0.003208430344834758,-0.01016130107577803,0.022929052639159127
2714.8,-0.003193826208712746,-0.007960056159661385,0.022952966796549814
2714.8999999999996,-0.0032469951713096747,-0.005757895608723783,0.022987388665657818
2715.0,-0.003359181997194703,-0.0035534346756937044,0.023048257348553442
2715.1,-0.0034938650155061416,-0.0013430613298581078,0.023143611286744737
2715.2,-0.0036013918529836627,0.0008779448222912023,0.02326561826710629
2715.3,-0.0036434271064604397,0.003113215619577914,0.023391906707246547
2715.3999999999996,-0.003612168511658917,0.005363345782465974,0.023495048477593455
2715.5,-0.0035305385884805366,0.007625451778645694,0.023554697610328055
2715.6,-0.0034340303843578557,0.00989445092176916,0.023564928559489468
2715.7,-0.0033491654717087704,0.012164935139333697,0.023531808699868567
2715.8,-0.0032838901178824315,0.014432286709956256,0.023464550059448093
2715.8999999999996,-0.0032335444759955343,0.01669275415382366,0.02336984655370605
2716.0,-0.0031936213579385232,0.01894324316295689,0.02325408514622509
2716.1,-0.0031669345888092884,0.02118154820985721,0.023127641820216652
2716.2,-0.003160737676099822,0.0234068017869196,0.023002839198775292
2716.3,-0.003179989818143568,0.025619398133617927,0.02288486102201786
2716.3999999999996,-0.0032240246891091944,0.027820007333987835,0.022764977642145218
2716.5,-0.0032871775814653885,0.030008152679941124,0.022626230849820902
2716.6,-0.0033607189642214388,0.032181654003028845,0.022459230491956795
2716.7,-0.0034350105231560953,0.034337824057783246,0.022273906321929555
2716.8,-0.0035017503922159026,0.03647564872325026,0.02209661123907381
2716.8999999999996,-0.0035553234840587783,0.038597108570365884,0.02195539582202819
2717.0,-0.0035919185893983773,0.040706578038085146,0.021864507773584986
2717.1,-0.0036071123437169633,0.04280876560754304,0.021817596914758812
2717.2,-0.003594957122277751,0.044906639065291604,0.021792078746418923
2717.3,-0.0035507487371271283,0.04700063623791275,0.02176001454507172
2717.3999999999996,-0.0034762641170513232,0.04908936173469239,0.021698768176065013
2717.5,-0.0033837354697011076,0.05117100928393799,0.021597867911665975
2717.6,-0.0032947077295676108,0.05324448774464794,0.02146186081880711
2717.7,-0.003233215820600175,0.05530971682383816,0.021307944512985632
2717.8,-0.003217787113929404,0.05736730976691101,0.021157599396076338
2717.8999999999996,-0.0032577211285564345,0.05941820497604748,0.021026705654945382
2718.0,-0.003353920410468972,0.06146352799432738,0.02092005642639029
2718.1,-0.0034999160065027567,0.06350439669843708,0.020831079784620017
2718.2,-0.003680791080489592,0.06554128176020754,0.02074454085052033
2718.3,-0.003872741333671143,0.06757297327390036,0.020640537451040008
2718.3999999999996,-0.004047202352112083,0.06959568613192817,0.020497676490783972
2718.5,-0.004179084208680973,0.07160285139214059,0.02029586358155147
2718.6,-0.004253943240722362,0.07358600549394885,0.020023018062537024
2718.7,-0.00426985978860576,0.07553688583564648,0.019685487550269703
2718.8,-0.004234329221334634,0.07744994619377386,0.019311610669500323
2718.8999999999996,-0.004159827965404855,0.07932383006724285,0.018938317130653557
2719.0,-0.004060548521943209,0.08116067100720362,0.01858761267028986
2719.1,-0.003948499613283564,0.08296355516689581,0.01825461810676929
2719.2,-0.0038281393270235228,0.08473403644363424,0.017918455810432887
2719.3,-0.0036951285887495302,0.08647131213649355,0.017562534375565472
2719.3999999999996,-0.0035439861092763,0.08817295605608075,0.017185387225315294
2719.5,-0.003379000671128629,0.0898363748991584,0.016799027080748406
2719.6,-0.0032168726612864184,0.09146056792495481,0.016423212146968222
2719.7,-0.0030774734534168833,0.09304759749076195,0.016080651417158708
2719.8,-0.0029719409636134175,0.09460279631873543,0.01579147163814111
2719.8999999999996,-0.002899637593099917,0.09613340041631056,0.015566508404564925
2720.0,-0.0028548015488345964,0.09764647383591064,0.015403910338157217
2720.1,-0.002833684168077523,0.09914745746770452,0.015292579178041266
2720.2,-0.0028349625120308664,0.10064008877890503,0.015219608560638483
2720.3,-0.0028542271155535515,0.10212733965221286,0.01517523709184329
2720.3999999999996,-0.0028771594537196346,0.10361209503663764,0.01515199647206474
2720.5,-0.002876662606573312,0.10509668296573106,0.01514046305651654
2720.6,-0.0028190827724011666,0.10658177280733468,0.01512626978765439
2720.7,-0.0026794861979846296,0.1080657049462952,0.01509087076344011
2720.8,-0.002456927284666298,0.10954467432842092,0.015015185122317977
2720.8999999999996,-0.0021781316464251446,0.11101349081875499,0.014883445440658364
2721.0,-0.0018861411188833025,0.11246651289556327,0.014685885697968344
2721.1,-0.0016211484335159339,0.11389838841555879,0.014420814683455881
2721.2,-0.0014053618980762724,0.11530437445235807,0.01409548272625317
2721.3,-0.0012405475234970882,0.11668036285192285,0.013724047904304818
2721.3999999999996,-0.0011181549022258612,0.11802288943092434,0.013323532646486218
2721.5,-0.001031956597113582,0.11932932896509306,0.012910929493829732
2721.6,-0.000981482497786414,0.12059831703057013,0.012502087449710379
2721.7,-0.0009651672037072032,0.12183013710687342,0.012110454682579081
2721.8,-0.0009729484700828934,0.12302660268936276,0.011745204275821285
2721.8999999999996,-0.0009874954443778751,0.12419035331334534,0.011409915708263262
2722.0,-0.0009939656441772726,0.12532396221682995,0.011102608675803113
2722.1,-0.000989481306755388,0.12642926585698622,0.010816405738246394
2722.2,-0.0009834324980581624,0.12750705061703713,0.010539728980935314
2722.3,-0.0009891143087757096,0.1285569714918918,0.010257258137482397
2722.3999999999996,-0.0010149074995377376,0.12957764337835176,0.009953957447229177
2722.5,-0.001060774980808433,0.13056694272776057,0.009621236102249985
2722.6,-0.0011199681780827313,0.1315224989896128,0.009261429754937935
2722.7,-0.0011836627442919632,0.13244231911466794,0.008887841583643872
2722.8,-0.0012458301930982768,0.13332542639461276,0.008519928211874915
2722.8999999999996,-0.0013051045712038438,0.13417234208007559,0.008175548654383611
2723.0,-0.001361987496721528,0.13498521092855018,0.007864335754594753
2723.1,-0.0014136663780067269,0.13576742342295892,0.007585441066200095
2723.2,-0.0014512679895628616,0.1365226957207191,0.007329388425938059
2723.3,-0.0014624186486803113,0.13725382389364374,0.0070818820800874396
2723.3999999999996,-0.0014369329369649212,0.13796165575053584,0.0068284677469114185
2723.5,-0.0013713983457398734,0.13864483845317954,0.006559442309659769
2723.6,-0.0012713912376034434,0.139300555462535,0.006272767474631888
2723.7,-0.0011514575285240236,0.13992595173650038,0.005972842578018207
2723.8,-0.001031139709913309,0.1405194762731871,0.005666203926864233
2723.8999999999996,-0.0009265625666072637,0.14108121474782054,0.0053573202086728555
2724.0,-0.0008421734114310786,0.14161206793618297,0.005046789886567054
2724.1,-0.000769820342631702,0.14211268230388913,0.004732330381303853
2724.2,-0.0006977093674193937,0.1425829415088624,0.004411451075093536
2724.3,-0.0006231480854210678,0.14302214118916076,0.004084138373954661
2724.3999999999996,-0.000558720550912783,0.1434295800054539,0.0037538103475986237
2724.5,-0.000525650700980814,0.14380517193278683,0.003425591282048246
2724.6,-0.0005379997433465585,0.14414965157761123,0.0031028435155210886
2724.7,-0.0005900285361789521,0.1444641126581189,0.002784302616249504
2724.8,-0.0006575909940276083,0.14474910076196645,0.0024642007841357938
2724.8999999999996,-0.0007117303887658664,0.1450039928255557,0.0021361462157834456
2725.0,-0.0007320275622001659,0.14522732741685582,0.0017982755906938105
2725.1,-0.0007102091798679432,0.1454178472738061,0.0014552866809551153
2725.2,-0.000645228794790337,0.14557530169309515,0.0011155288261266373
2725.3,-0.0005374415926230877,0.14570037260186663,0.0007855175948443124
2725.3999999999996,-0.00038807422960344864,0.14579386678924522,0.00046550471547917113
2725.5,-0.0002029341167988279,0.14585575670312975,0.00014807407495866877
2725.6,6.43235569124591e-06,0.14588453047485134,-0.0001801623228839063
2725.7,0.00022607882496502286,0.14587706247843513,-0.0005341406490392367
2725.8,0.0004404462154810861,0.1458291967953242,-0.0009231403813827698
2725.8999999999996,0.0006267101795803021,0.14573720166081947,-0.0013419009517966992
2726.0,0.0007522136353921264,0.14559974400954426,-0.0017652371448986456
2726.1,0.000786444228033606,0.1454193837218971,-0.002153554493058123
2726.2,0.0007213895463553268,0.14520257735277928,-0.002470441444917608
2726.3,0.0005797976257338528,0.1449579418468241,-0.0027019588056694664
2726.3999999999996,0.0004023838933295114,0.1446935863968762,-0.002862953026972139
2726.5,0.00022866108994825835,0.14441492229536249,-0.0029859534535939427
2726.6,9.051345793742066e-05,0.14412398475724342,-0.0031038855980640902
2726.7,1.805403463472538e-05,0.14382006696506755,-0.003241474890437299
2726.8,3.957542039618046e-05,0.14350048384151096,-0.0034183725687991465
2726.8999999999996,0.00016476469899435613,0.14316065773469233,-0.0036545437450619346
2727.0,0.00036519282275045134,0.14279392968878346,-0.003968116144472409
2727.1,0.0005774241986275975,0.14239205139032007,-0.0043666105979823875
2727.2,0.0007349479233966431,0.14194665847552831,-0.004840914954539808
2727.3,0.000804940117386071,0.14145096974408278,-0.005367759440612331
2727.3999999999996,0.0007988282572264685,0.1409008071627704,-0.005917757379591146
2727.5,0.0007504676473248559,0.14029492775649138,-0.006462008292644321
2727.6,0.0006854005028282191,0.13963519606672664,-0.006972976288503458
2727.7,0.0006092780357890627,0.13892676681646135,-0.007422561840194121
2727.8,0.0005211483499543616,0.13817799895460658,-0.007785120595915265
2727.8999999999996,0.00043323930447193874,0.13739947237139583,-0.00804885145477642
2728.0,0.0003770763432727136,0.13660152742822218,-0.008229094200540393
2728.1,0.000392549053607949,0.13579081790940414,-0.008371544033344733
2728.2,0.0005094375858008852,0.1349676378797135,-0.008537394526304334
2728.3,0.0007309530393221523,0.13412587079697683,-0.008774110176195952
2728.3999999999996,0.0010265743750623572,0.1332561454436831,-0.00908781485442551
2728.5,0.0013410407856382172,0.13235090086996895,-0.009436176585974605
2728.6,0.0016182701652448258,0.13140871502551693,-0.009749415891162301
2728.7,0.001824672608672838,0.1304355021182273,-0.009968672757186886
2728.8,0.00195455222580796,0.12944195759353042,-0.010078976960640368
2728.8999999999996,0.002016760479490656,0.1284387374242795,-0.010116622146674671
2729.0,0.002018703952491696,0.1274322271306555,-0.010145014326281376
2729.1,0.001963871372192783,0.12642355394316304,-0.010212952199080954
2729.2,0.0018632992906571504,0.1254112312583968,-0.010324645674455036
2729.3,0.0017458698939592338,0.12439497100935754,-0.010446326119938627
2729.3999999999996,0.0016527895283327534,0.12337709680926212,-0.010546036558913029
2729.5,0.0016187541194579939,0.12235984639711638,-0.010633497636241657
2729.6,0.0016554441389813085,0.1213403761056316,-0.010767219024473198
2729.7,0.0017470168179351368,0.12030738378981091,-0.011022654959490376
2729.8,0.001857781671113119,0.11924275637019112,-0.011438660653378742
2729.8999999999996,0.0019518728385489402,0.11812869309584763,-0.011977474557816592
2730.0,0.002019307023387596,0.11695610196132424,-0.012537710834853265
2730.1,0.0020883682190842184,0.11572759988241177,-0.01302450349821219
2730.2,0.0022042527663871203,0.11445182680409814,-0.013425945318468826
2730.3,0.0023827496491639205,0.11313313773181334,-0.013826493761787746
2730.3999999999996,0.0025798686185668756,0.11176535848593504,-0.014336791976991522
2730.5,0.0027130099620073502,0.11033507894441044,-0.014996583057900784
2730.6,0.0027236897998364766,0.10883165070228906,-0.015733545648002955
2730.7,0.002628427796150049,0.10725573541947363,-0.01640981991659113
2730.8,0.00251080005466828,0.10562016281356824,-0.016912307640114067
2730.8999999999996,0.0024643514382730364,0.10394348124486388,-0.017212178049409495
2731.0,0.0025402717425413203,0.10224192961988038,-0.01735791941788559
2731.1,0.0027348686363071434,0.10052514148807817,-0.017427326275334925
2731.2,0.0030058269147652207,0.0987968337326163,-0.017479400227227368
2731.3,0.003296107065521865,0.09705902499142155,-0.017524763927057863
2731.3999999999996,0.003558678621727823,0.09531710822772992,-0.01752896845504748
2731.5,0.0037697540667833,0.09358151568773429,-0.01746030915787543
2731.6,0.003913854098555715,0.0918630158618735,-0.01734766787327986
2731.7,0.003953271643897762,0.09016487810374811,-0.01728246063542907
2731.8,0.003822000232684725,0.08847948049326837,-0.017349671174078356
2731.8999999999996,0.0034631202072282546,0.0867931824501736,-0.017554690509834516
2732.0,0.0028780450903953146,0.0850950060887155,-0.01782230115541666
2732.1,0.0021398846790909756,0.08338144487614688,-0.018062127416758143
2732.2,0.001362740384953764,0.08165509067359572,-0.018222767329407776
2732.3,0.0006636445787884368,0.07992159611802635,-0.018284116186699704
2732.3999999999996,0.0001510858299403883,0.0781896277597511,-0.01822112802414093
2732.5,-6.689168779259856e-05,0.07647246049621172,-0.018005582782803363
2732.6,0.00011032112652853651,0.07478542777488707,-0.017662327537463295
2732.7,0.000735270403554729,0.07313614513073209,-0.017324267828844737
2732.8,0.0017597363087484424,0.07151236523982606,-0.01721358546592588
2732.8999999999996,0.003013829117416462,0.06987758130199204,-0.017533447785288165
2733.0,0.00424897085944049,0.06818092624092072,-0.01833601835685813
2733.1,0.005234585859058651,0.06637747639080412,-0.01947240270985089
2733.2,0.005847899375243692,0.06444622152330581,-0.020675289583324066
2733.3,0.006093418957708956,0.062394541378376925,-0.02170671574287936
2733.3999999999996,0.006052775846273124,0.06024903023773968,-0.022451427918491723
2733.5,0.005824778184927987,0.05804187972037633,-0.022907763403618206
2733.6,0.005498100825278809,0.05580167475422249,-0.02312645073572047
2733.7,0.005146397686915427,0.05355056325138274,-0.02316174925757687
2733.8,0.004828296743990993,0.05130502998693456,-0.02305097572319681
2733.8999999999996,0.00459783928155078,0.049077310299915404,-0.022820178117146178
2734.0,0.004522774291333711,0.04687490439989058,-0.022521856281143445
2734.1,0.004677817521807898,0.04469609939411881,-0.022282969295543766
2734.2,0.0050908128073838405,0.0425231954565869,-0.022298577400438405
2734.3,0.005683260166349053,0.040320882161273865,-0.022729852585205757
2734.3999999999996,0.006282338072204052,0.03804684726308323,-0.023568914739875838
2734.5,0.006718426790454115,0.03567148210236256,-0.02460411802147518
2734.6,0.006923990679905354,0.033192714401211035,-0.02554393824729385
2734.7,0.006944788872019391,0.030633900513715312,-0.026199475838226415
2734.8,0.00687091426083818,0.028027127908103487,-0.026569457668471953
2734.8999999999996,0.006766910907257277,0.025395899693813617,-0.026781003364233877
2735.0,0.006650983659927623,0.022748445892340013,-0.026971711226435748
2735.1,0.006508321693838906,0.020081906208090645,-0.02721225467425219
2735.2,0.006302206249602634,0.01739086923396988,-0.027497264543088137
2735.3,0.005971692563108263,0.014674337523459341,-0.027772671410004838
2735.3999999999996,0.005435496474009509,0.011939176747577735,-0.02795904178730961
2735.5,0.0046235794512332045,0.009201150610661716,-0.027959191721999996
2735.6,0.003528896792381752,0.006484815522058877,-0.027670077507204596
2735.7,0.0022406368167222617,0.003821693432905539,-0.0270214304127022
2735.8,0.0009242089610829347,0.0012448145520756757,-0.026029108181082165
2735.8999999999996,-0.0002443311720015783,-0.0012201674475111257,-0.024816156521602264
2736.0,-0.0011442216285649346,-0.0035628765341814144,-0.023569733993561708
2736.1,-0.0017367096521650428,-0.005789778799440415,-0.022459337067116062
2736.2,-0.0020496000561028753,-0.00791865660048913,-0.02157653858515147
2736.3,-0.0021434693911129075,-0.009970651124919083,-0.020932673625900206
2736.3999999999996,-0.0020823931302388,-0.01196518941390132,-0.02049889179918791
2736.5,-0.0019179205157649482,-0.013919422146352844,-0.020245877423639046
2736.6,-0.0016845965478659234,-0.01584968471313143,-0.020153756371682506
2736.7,-0.0013998271358959498,-0.01777141220079536,-0.020193917448015283
2736.8,-0.001060191222947498,-0.019696302418692607,-0.020309297557681648
2736.8999999999996,-0.0006362750757257858,-0.02162891675608487,-0.020422309026175943
2737.0,-8.066981319613002e-05,-0.02356630972682742,-0.02047309968735273
2737.1,0.0006426705458221134,-0.025502162718998963,-0.020456744376212137
2737.2,0.0015242331332204445,-0.027433164196923546,-0.02042485499772575
2737.3,0.0024981286192387736,-0.029363414254343956,-0.02044920719326083
2737.3999999999996,0.00346400280457407,-0.03130408965010311,-0.020576098224503313
2737.5,0.004325737085157796,-0.03326882131622184,-0.02080087849765069
2737.6,0.005026251827241938,-0.03526761716147175,-0.021071798424495636
2737.7,0.00556555192549939,-0.03730261270999916,-0.021316885489208598
2737.8,0.005992749918671361,-0.03936790900604283,-0.02148248557840376
2737.8999999999996,0.006367622524078196,-0.04145385971161406,-0.021565414345466136
2738.0,0.006704671706636831,-0.0435532779590072,-0.021613121626112338
2738.1,0.006932708630326774,-0.045664854034285995,-0.021679842805871447
2738.2,0.006903125945781247,-0.04779028706474336,-0.02176345434955262
2738.3,0.006453854693357549,-0.049925782141458964,-0.02176955371649902
2738.3999999999996,0.0055004372118644534,-0.052052943408518654,-0.021535087527985133
2738.5,0.004102938760901575,-0.05413577873225182,-0.020908330773624903
2738.6,0.0024682440754110143,-0.056127515692148626,-0.019838692002696418
2738.7,0.0008931326682551207,-0.05798422481866024,-0.018411323907711462
2738.8,-0.0003145301131342441,-0.05967775759833887,-0.01681024915833834
2738.8999999999996,-0.000918326925521964,-0.06120284121310037,-0.015258823336554503
2739.0,-0.0008415169447419104,-0.06257831750639986,-0.01397665053626564
2739.1,-0.0002318390390235637,-0.06384375868457262,-0.013137517758806349
2739.2,0.0005636429614772928,-0.06505054032582963,-0.012807819301207363
2739.3,0.0011446750591084332,-0.06624727160169516,-0.012899165198487425
2739.3999999999996,0.0012567067694841316,-0.06746498426015475,-0.013198519953172878
2739.5,0.0009139223218116853,-0.06871113624358847,-0.013482615420619567
2739.6,0.00036596562084523183,-0.06997696738849941,-0.013639890614402912
2739.7,-6.145401692532168e-05,-0.07125318368644308,-0.013714621750004137
2739.8,-0.00014289716907899257,-0.07254336987534653,-0.013853803755419499
2739.8999999999996,0.00015890855788118014,-0.07386718690492762,-0.014204063583738482
2740.0,0.0007240363062440785,-0.07525319607939637,-0.014827738553977713
2740.1,0.0013770461766504701,-0.07672727937294692,-0.015678636718203173
2740.2,0.0019862485906734185,-0.07830342336971569,-0.016634990896661844
2740.3,0.002507393766049536,-0.07998102433574514,-0.01756419068647935
2740.3999999999996,0.002955703612608276,-0.08174922009592335,-0.018385338531659953
2740.5,0.003337423733635192,-0.08359475819272942,-0.019088662949360843
2740.6,0.0036068890213978586,-0.08550697441867802,-0.019688883849067664
2740.7,0.0036931866908000233,-0.08747511664653389,-0.020151252953408843
2740.8,0.0035686239634835845,-0.08948055852506948,-0.020371208021713178
2740.8999999999996,0.003288675531418525,-0.0914924625521459,-0.020236912862271868
2741.0,0.002969124102458927,-0.09347231664691942,-0.019714534094718378
2741.1,0.0027298936159960274,-0.09538437033564914,-0.018882277320922063
2741.2,0.00265197504525665,-0.0972051465457473,-0.017899725262010353
2741.3,0.002761450274942409,-0.09892782299893722,-0.016947005377414094
2741.3999999999996,0.003028486003519793,-0.1005610255719454,-0.016164498965303437
2741.5,0.003377795711918082,-0.10212283360913786,-0.01560752829772545
2741.6,0.003719126995859502,-0.10363187320759047,-0.015235401070535991
2741.7,0.0039932731695649796,-0.10509976387039743,-0.014952064405823019
2741.8,0.004204866436970497,-0.10652949455220473,-0.014683959064920859
2741.8999999999996,0.0044071924633960055,-0.10792080160766858,-0.014443964958096701
2742.0,0.004638081175570334,-0.10927837658747938,-0.014325026834627268
2742.1,0.004858114764645017,-0.11061579774725847,-0.014416610048258137
2742.2,0.004950212827791071,-0.11195110162022968,-0.014710757937975102
2742.3,0.004784219533035453,-0.11329722468072141,-0.0150826762199311
2742.3999999999996,0.004289579808435399,-0.11465507805238294,-0.015362579446526926
2742.5,0.00347772241838369,-0.11601405173044478,-0.01543022515846781
2742.6,0.002407306675757542,-0.11735795533041112,-0.015255700524674037
2742.7,0.0011316649859667066,-0.11867094744854077,-0.014873696826926769
2742.8,-0.0003238741955935307,-0.11993991673681496,-0.014330044529190246
2742.8999999999996,-0.0019316099000630472,-0.12115343496557683,-0.013645830353286651
2743.0,-0.003602071163509211,-0.12230013209921287,-0.012828023710148417
2743.1,-0.0051609282647733234,-0.12337076791812523,-0.01192281550868876
2743.2,-0.006412614822343736,-0.12436598391973583,-0.011061536166199641
2743.3,-0.0072606082807606725,-0.12530474950494047,-0.010432516934249207
2743.3999999999996,-0.00778140172361416,-0.1262236624370255,-0.010168137823529782
2743.5,-0.008172024793136216,-0.12716246190590177,-0.010228180113979496
2743.6,-0.008603673286723557,-0.1281433739143813,-0.010390648402047823
2743.7,-0.009106405375581527,-0.12915903064292164,-0.010377759925350795
2743.8,-0.00958214175239289,-0.1301775150068971,-0.01001918524219519
2743.8999999999996,-0.009919731221871373,-0.1311591965165581,-0.009320143136433652
2744.0,-0.010095002290779831,-0.1320720620492724,-0.008396522911930817
2744.1,-0.010166440643608615,-0.13289629585504636,-0.007356486444080585
2744.2,-0.010179499101740984,-0.1336192898226093,-0.006236039456561333
2744.3,-0.010067568715280292,-0.13422964040287474,-0.005029667644844392
2744.3999999999996,-0.009633983182508766,-0.1347177921578648,-0.0037730459403253714
2744.5,-0.00863999397664834,-0.13508422412601206,-0.0026059383904219777
2744.6,-0.00695611516981283,-0.13534977557532457,-0.001767850582390901
2744.7,-0.004687631054707189,-0.1355604389495374,-0.0015137264496491263
2744.8,-0.0021832357992292812,-0.13578070002795445,-0.0019810354049017197
2744.8999999999996,9.730511690331189e-05,-0.13607567227076686,-0.003091649657441849
2745.0,0.0017769796695576697,-0.13649043447130887,-0.004568577103586737
2745.1,0.0026916268530223415,-0.13703788620001053,-0.006061268339851527
2745.2,0.0028919452687661195,-0.13770057794148063,-0.00728843725407679
2745.3,0.002553620118334808,-0.13844275089905328,-0.008110884960487693
2745.3999999999996,0.001875216437165806,-0.1392242015663335,-0.008518185569965494
2745.5,0.001015192602028387,-0.1400096568697057,-0.008571557525071613
2745.6,7.40594155711448e-05,-0.14077216869481413,-0.008350686104020457
2745.7,-0.0008949271206086083,-0.1414924719240274,-0.00792582976612189
2745.8,-0.0018651977907426162,-0.14215702456813875,-0.007352126733366918
2745.8999999999996,-0.002819618898273465,-0.14275643346558772,-0.0066740573911953085
2746.0,-0.0037419549340250895,-0.14328470333401738,-0.0059305660591458045
2746.1,-0.004615438128227875,-0.14373912208277112,-0.005157459931169862
2746.2,-0.005424467261516616,-0.14412030348170327,-0.004387330023151451
2746.3,-0.006156750838067098,-0.1444318517263193,-0.0036473997279429515
2746.3999999999996,-0.006804688393292021,-0.14467944275296718,-0.002956244565520454
2746.5,-0.007365792466223353,-0.144869578486089,-0.002321859996982249
2746.6,-0.0078416445269824,-0.14500852934781988,-0.0017427826603415796
2746.7,-0.008233752074575272,-0.14510179513674704,-0.001212118097605737
2746.8,-0.008537529571378495,-0.14515412530245658,-0.0007235462389648142
2746.8999999999996,-0.00874080695373591,-0.14516989819063883,-0.0002768175632091146
2747.0,-0.008830994248072814,-0.14515349076442097,0.00012179386626753511
2747.1,-0.008806103238756259,-0.14510934684769874,0.0004663832494915159
2747.2,-0.008680764489631688,-0.14504150473262414,0.0007613033209951111
2747.3,-0.008483278444504652,-0.14495252221572455,0.0010262667866467125
2747.3999999999996,-0.008246722009875933,-0.1448423315666801,0.00129253129322308
2747.5,-0.007999651017400179,-0.14470783043146154,0.0015928405738313994
2747.6,-0.007761376320157801,-0.14454351781013006,0.0019518250557581114
2747.7,-0.00754474966211303,-0.14434273423782976,0.00238304001577854
2747.8,-0.007363034379699431,-0.1440985350814306,0.002895315714771548
2747.8999999999996,-0.0072291227926509745,-0.14380327266691492,0.003503931743037476
2748.0,-0.0071385456648310405,-0.1434470735993681,0.004232032770017104
2748.1,-0.0070490500623852145,-0.14301734848500092,0.00508721280015774
2748.2,-0.006886488430914749,-0.1425020659529721,0.0060236834907938215
2748.3,-0.006587706244903239,-0.14189622490784728,0.0069338127733781715
2748.3999999999996,-0.006147993729148931,-0.14120626648273868,0.007698451623224292
2748.5,-0.005628262212644825,-0.14044777940327502,0.008258641234255359
2748.6,-0.005115120394819353,-0.1396382396701964,0.008639671623858081
2748.7,-0.004670045026518866,-0.1387909182278807,0.008909204242031881
2748.8,-0.004308513786072676,-0.13791420572069746,0.009113318389624925
2748.8999999999996,-0.004018422129780925,-0.1370155388664817,0.00924537257191896
2749.0,-0.003793371031236208,-0.1361053914405909,0.0092681902970517
2749.1,-0.0036504146581415424,-0.1351971355262034,0.009164730948055567
2749.2,-0.0036201951477924914,-0.1343024175929,0.008972768013480943
2749.3,-0.003720112616530863,-0.1334255876722456,0.00877632620068794
2749.3999999999996,-0.003934495803353592,-0.13256158831815135,0.00866171402503113
2749.5,-0.004219751304588294,-0.13169907435322234,0.008671972052139345
2749.6,-0.004529238227538949,-0.13082643554365955,0.008791815280222158
2749.7,-0.004835043792969933,-0.12993661985544552,0.008967466901550302
2749.8,-0.005130375911408596,-0.1290285833974829,0.009140221267110464
2749.8999999999996,-0.005417290698136633,-0.12810600049035856,0.009270874747588755
2750.0,-0.005695212620580293,-0.1271749480952679,0.009347285987107502
2750.1,-0.005958522715765509,-0.12624172971366357,0.009380231926044737
2750.2,-0.006200748476561827,-0.12531105844902848,0.009394928441324923
2750.3,-0.006419359794026451,-0.12438449518832027,0.009422232333775182
2750.3999999999996,-0.006616940054425851,-0.123459496655911,0.009491307069415285
2750.5,-0.006797921741073366,-0.12252963941070348,0.009624631443879865
2750.6,-0.006963614701537141,-0.12158605171099038,0.00983530498136097
2750.7,-0.007109265870331276,-0.12061934740304746,0.010126176023056658
2750.8,-0.007224410734761584,-0.11962110039006708,0.010490717020327018
2750.8999999999996,-0.00729588434955345,-0.11858448013761895,0.01091619125012678
2751.0,-0.007313045093214093,-0.1175042099068599,0.01138916917001897
2751.1,-0.007272811432077201,-0.11637611975151618,0.011901099339760407
2751.2,-0.007178998036749076,-0.11519659774528511,0.012449924406812066
2751.3,-0.007034550309101076,-0.11396218936425273,0.013035571412290997
2751.3999999999996,-0.006835196037543908,-0.11266968255912477,0.0136521675999062
2751.5,-0.006574229626215341,-0.11131695005643398,0.01428333499211665
2751.6,-0.0062555904850421055,-0.10990409273829982,0.014904818950242786
2751.7,-0.00590122983262626,-0.10843385226024509,0.015492660707132584
2751.8,-0.005543849494842739,-0.10691091307636834,0.01603086270640098
2751.8999999999996,-0.005211325135430747,-0.10534068123595315,0.01651358728946163
2752.0,-0.004916516502678966,-0.10372831150626592,0.016941710298558142
2752.1,-0.004659362998974537,-0.10207838561113997,0.01731722923232797
2752.2,-0.004437166827952758,-0.10039514310689163,0.017639231387710088
2752.3,-0.004254339668826066,-0.09868297733918606,0.017903522176264678
2752.3999999999996,-0.004125117839694978,-0.0969469058483936,0.01810584870385391
2752.5,-0.004067516012138481,-0.09519258590103993,0.018246308753737787
2752.6,-0.004091864267051472,-0.0934256661617556,0.01833137074834205
2752.7,-0.0041916418791288265,-0.09165100505189301,0.0183714890471974
2752.8,-0.004343422221884668,-0.08987249199922547,0.018376336152833052
2752.8999999999996,-0.004516088169507851,-0.08809342210514524,0.018352179798135918
2753.0,-0.004684102132169378,-0.08631691459261442,0.0183033408620516
2753.1,-0.004838059443956932,-0.08454594453695595,0.018235852114548562
2753.2,-0.0049867508478994805,-0.08278276119170973,0.018160615481764144
2753.3,-0.005148957647589096,-0.08102788967189088,0.0180940421059292
2753.3999999999996,-0.005338846394983338,-0.07927931401635034,0.01805498609415874
2753.5,-0.005553378267730878,-0.07753262478007754,0.018058823923506197
2753.6,-0.005770898576199893,-0.07578237409543657,0.01811205102405602
2753.7,-0.005962441003118345,-0.07402383278828613,0.018210641615630532
2753.8,-0.0061057086900113315,-0.07225405629086225,0.018342398038578293
2753.8999999999996,-0.006190993294218954,-0.07047187503129199,0.01849160952328074
2754.0,-0.006219486062796065,-0.0686770370416457,0.018644882206381122
2754.1,-0.006201246364431126,-0.06686893826870054,0.018796955747588377
2754.2,-0.0061552446962713425,-0.06504572443885608,0.018953708444631297
2754.3,-0.006106574355152907,-0.0632044526553112,0.019129588584733515
2754.3999999999996,-0.006075989862596154,-0.061341989837135985,0.019339585752228487
2754.5,-0.006065882537662634,-0.05945558126306887,0.019589460355496354
2754.6,-0.006055247132344425,-0.0575428004799609,0.01987021690999912
2754.7,-0.00601080343048593,-0.055601837977139634,0.02016036520112684
2754.8,-0.005906222596932468,-0.05363264396340709,0.020433487103781137
2754.8999999999996,-0.005735053492011346,-0.05163795769316737,0.020665911330786785
2755.0,-0.005511024659644085,-0.04962314203395327,0.020841564352782734
2755.1,-0.005260366568345528,-0.04759495679452134,0.020953968518872556
2755.2,-0.005014098552772775,-0.04556003431691498,0.021006233106975816
2755.3,-0.004803306775165348,-0.04352368403369089,0.0210092890959594
2755.3999999999996,-0.00465437996057232,-0.04148941270661481,0.020978342578614324
2755.5,-0.004581810576862758,-0.03945912114944077,0.02092869742066586
2755.6,-0.004582033697613928,-0.03743364834764316,0.020873023996839133
2755.7,-0.004633488531233835,-0.03541323935697966,0.02082055333149884
2755.8,-0.004704167920771777,-0.03339773962909232,0.020776596040322247
2755.8999999999996,-0.00476407214594722,-0.031386692531321266,0.020740977907545408
2756.0,-0.00479773731308558,-0.029379571047176825,0.020706714345495755
2756.1,-0.004810794899535404,-0.0273762004310571,0.0206628855062694
2756.2,-0.004826168666875197,-0.025376986139026426,0.020603065733386324
2756.3,-0.0048705793371565135,-0.023382440401926087,0.020533784882067363
2756.3999999999996,-0.004957783755777084,-0.021392171094646122,0.020474675784519676
2756.5,-0.005078185938075278,-0.01940425083141026,0.020447652573965077
2756.6,-0.005201550006744519,-0.017415711134184338,0.02046211591727004
2756.7,-0.005291881763743171,-0.015423956179313423,0.020507387388372596
2756.8,-0.005326956912386498,-0.013428119162736417,0.02055818206246662
2756.8999999999996,-0.005312094956567068,-0.011429300804736293,0.020590089781956398
2757.0,-0.005279634001875571,-0.009429423936121499,0.020596715089639873
2757.1,-0.005272207742178858,-0.0074292711898378,0.020598418224100096
2757.2,-0.005316744066863518,-0.00542665681204541,0.02063470420429921
2757.3,-0.005403617074469451,-0.003415923207790697,0.020740863132562556
2757.3999999999996,-0.005486193592139652,-0.0013897205927521168,0.020921569282359484
2757.5,-0.0055038814205943904,0.000657276856499346,0.02113975834736382
2757.6,-0.005413044264089222,0.002724761966674395,0.02133014949859153
2757.7,-0.005204381472781481,0.00480554244978107,0.021428824236122992
2757.8,-0.004899203004346186,0.006887473466791569,0.02139980526965754
2757.8999999999996,-0.004533896145382531,0.008957408042780128,0.021244737839169966
2758.0,-0.00414617166942244,0.011004963634393936,0.020994945991811315
2758.1,-0.003770468685225606,0.013024548057867586,0.020695017580818105
2758.2,-0.0034402361171705625,0.01501525986671021,0.02038845525367595
2758.3,-0.003187952936586299,0.01697942579757791,0.020110526102362063
2758.3999999999996,-0.003037555486873731,0.0189211926774081,0.01988717620630727
2758.5,-0.0029951046166528353,0.02084607975742028,0.019735925163704426
2758.6,-0.003047227253366751,0.02276109716211324,0.019665567412728086
2758.7,-0.003168311237816695,0.024674347812501867,0.01967494070271794
2758.8,-0.003329006706949749,0.026593797706573805,0.01975329091058176
2758.8999999999996,-0.003500974450826842,0.028525940312882643,0.01988342079330013
2759.0,-0.0036596196621622857,0.030475030825536032,0.02004574615548947
2759.1,-0.0037866349928319587,0.032442865445157155,0.020220239570001797
2759.2,-0.0038703180285134787,0.034428796721952586,0.02038536304393787
2759.3,-0.0039036340166141528,0.03642970724265924,0.020516395794230754
2759.3999999999996,-0.0038842286363717274,0.038439899934543,0.020586984898622724
2759.5,-0.003817007099294009,0.04045140818354489,0.02057483704832857
2759.6,-0.003714651889436538,0.04245510748298712,0.020467963986655468
2759.7,-0.003594478469813975,0.04444224370114477,0.020267506836438312
2759.8,-0.003474549610170619,0.046405562718099654,0.01998661931461884
2759.8999999999996,-0.0033704742999540096,0.048339493725049615,0.019646886502296745
2760.0,-0.0032929557374221526,0.05023972183699718,0.019273417592499762
2760.1,-0.003247363375242069,0.052103142306309226,0.018890193356952096
2760.2,-0.0032349995272350873,0.053928646303912364,0.01851759427883588
2760.3,-0.003253276547256496,0.055717899851157486,0.018172403266747243
2760.3999999999996,-0.0032938254218387855,0.05747514184586232,0.017868637585135842
2760.5,-0.0033414145913060727,0.05920615268831333,0.01761741322265431
2760.6,-0.003377316478877543,0.060917225228834776,0.017425352549976358
2760.7,-0.0033863719072002086,0.06261449244262292,0.01729198680646173
2760.8,-0.003361821933259222,0.06430321104269143,0.017207089916446122
2760.8999999999996,-0.0033031767497131385,0.06598676354369243,0.017149611854058906
2761.0,-0.003210186366714973,0.06766578627635167,0.017090125372580145
2761.1,-0.00308105465140177,0.06933789835900628,0.016997448765292297
2761.2,-0.0029177158663561795,0.07099816139730575,0.016848165798378546
2761.3,-0.002731724873807074,0.072640383530628,0.016635886348782592
2761.3999999999996,-0.002544154586410801,0.07425918139549376,0.016375296010184094
2761.5,-0.0023801387236827773,0.07585196344328081,0.016096860680050586
2761.6,-0.002261975851368235,0.07741959433544514,0.01583364035202631
2761.7,-0.0022035107863003175,0.07896520974359537,0.01560804726554709
2761.8,-0.0022075549809913086,0.0804922121476797,0.015426477194705435
2761.8999999999996,-0.0022662852593635556,0.08200313750427524,0.015283176445526224
2762.0,-0.00236296859800601,0.08349996095206473,0.01516839000147325
2762.1,-0.0024751331967780925,0.08498501383689912,0.015074516447280922
2762.2,-0.0025805641966104645,0.0864613167626061,0.01499716685102696
2762.3,-0.0026644649815853465,0.0879318828096538,0.014932757333537827
2762.3999999999996,-0.0027233157691892314,0.08939864102782079,0.01487618315449921
2762.5,-0.0027629922686632433,0.09086194193576168,0.014820200470519644
2762.6,-0.00279280278360118,0.09232086918545064,0.014756091153080882
2762.7,-0.0028189955988274376,0.09377383673517255,0.014675155104113224
2762.8,-0.0028408972049158996,0.0952189110613148,0.014571135752948737
2762.8999999999996,-0.002851552501980338,0.0966537166444666,0.014442786398522202
2763.0,-0.002842400266208603,0.09807537046726747,0.014293938399336249
2763.1,-0.0028087582517284217,0.09948094796736263,0.014129906271474072
2763.2,-0.0027522307945759693,0.1008683188100676,0.013953184122353336
2763.3,-0.0026784712330871503,0.10223657785856032,0.013761994369754582
2763.3999999999996,-0.0025928209495237084,0.10358559830231581,0.01355257240309322
2763.5,-0.002499221526839771,0.10491514418531694,0.013323510492820333
2763.6,-0.002404525546345622,0.10622428309691047,0.013078774114594667
2763.7,-0.002322203249223526,0.10751139731696621,0.012826750449510193
2763.8,-0.0022673125812333107,0.10877466005008148,0.012575348614153265
2763.8999999999996,-0.002244477345160608,0.11001262975036415,0.012325274201188868
2764.0,-0.0022409848880385838,0.1112242937642425,0.012065375631480036
2764.1,-0.002232462457564399,0.11240807916630842,0.011774645805557293
2764.2,-0.0021951185540705766,0.11356056313685517,0.011431979644695422
2764.3,-0.0021146802550089955,0.11467636453916656,0.01102823310982218
2764.3999999999996,-0.0019893963025572415,0.11574968363708577,0.010572212772846196
2764.5,-0.0018294633113320692,0.11677621567573655,0.0100860210842002
2764.6,-0.001653457643098489,0.1177539002169849,0.009593090340653265
2764.7,-0.0014814772636427731,0.118682379373091,0.009108371375907311
2764.8,-0.0013275670863427415,0.11956229581821966,0.008637606326078445
2764.8999999999996,-0.0011956058729541532,0.12039527415403538,0.00818352382801486
2765.0,-0.0010802190343788493,0.12118420013642076,0.007751157402513091
2765.1,-0.0009707712296659003,0.12193290650698771,0.007347193261016306
2765.2,-0.0008551708910101934,0.12264505185764898,0.006975216644316763
2765.3,-0.000721427230689772,0.12332302527549113,0.006632133314056323
2765.3999999999996,-0.00055880973449746,0.12396777977300165,0.0063078123843643115
2765.5,-0.0003634547358206717,0.1245793904693108,0.005986368005659717
2765.6,-0.0001480928574084541,0.12515739555130856,0.005649238026017007
2765.7,5.4912984750883815e-05,0.12570058157899627,0.005282317336029847
2765.8,0.0002073428463834707,0.12620689512544558,0.004884588126362882
2765.8999999999996,0.00028791274105356777,0.1266740556054704,0.004468933641165439
2766.0,0.00030100803277331056,0.12710032067334084,0.00405139125879714
2766.1,0.0002587721276129248,0.12748472679638675,0.003641128987663655
2766.2,0.00015161952225328058,0.12782740073088342,0.003246684863810267
2766.3,-6.495876468989608e-05,0.12813122174411323,0.0028976369839415783
2766.3999999999996,-0.00045427778600079516,0.1284051100353092,0.002663716335686755
2766.5,-0.0010634036420934477,0.12866759185535706,0.002650155002472743
2766.6,-0.0018897658550168128,0.1289481300996164,0.002959721592031688
2766.7,-0.0028661455116910507,0.12928365833372296,0.003635102621479687
2766.8,-0.0038694582949704635,0.12971003836721165,0.004619805489839662
2766.8999999999996,-0.004744867525695121,0.13025227524537178,0.005773954898529561
2767.0,-0.005330232595033,0.1309190283361805,0.006934192661190338
2767.1,-0.005475911641173358,0.1317028146094678,0.007955226976771148
2767.2,-0.005072941169323087,0.13258142500958262,0.008693769957325176
2767.3,-0.004100145312687465,0.1335165942135391,0.008979212356501344
2767.3999999999996,-0.0026708627616479487,0.13445259462631692,0.008642319126185438
2767.5,-0.0010356522206850817,0.13532130675248566,0.0076060181793979826
2767.6,0.0004858619184448723,0.13605620917033584,0.005963871988934533
2767.7,0.001619056230344968,0.1366095188727405,0.0039691421575992
2767.8,0.002232340095781884,0.1369627243352777,0.001931741367658666
2767.8999999999996,0.002367793123836544,0.1371248715676277,9.273560495218713e-05
2768.0,0.0021926610932380833,0.13712095660344256,-0.001446402577089218
2768.1,0.0019001396383957821,0.13697819232477465,-0.002709715533688883
2768.2,0.00161542582458622,0.13671771951035647,-0.003772703298372477
2768.3,0.0013610516867770793,0.13635476969480648,-0.004681530146338783
2768.3999999999996,0.0010954936648152427,0.13590471033270368,-0.0054150190067794495
2768.5,0.0007884287497289718,0.13538892437535152,-0.005910935924119909
2768.6,0.00047466954663768005,0.13483489882208818,-0.006137592023946318
2768.7,0.0002497176229164832,0.13426901668307256,-0.006157096891497338
2768.8,0.00021481740317419971,0.13370612481883679,-0.006124540225059842
2768.8999999999996,0.0004132787681373222,0.13314296637390774,-0.006216301623620768
2769.0,0.000799787533584787,0.1325601902137374,-0.006541170592245747
2769.1,0.0012586646270635131,0.13193176990919867,-0.0070973958594222585
2769.2,0.001656321343307654,0.1312360092713755,-0.007798104878018913
2769.3,0.001893808175270615,0.1304617864306051,-0.008541105096499772
2769.3999999999996,0.0019295794088266718,0.12960717321568757,-0.009273349748367498
2769.5,0.0017682615094023924,0.1286729999780483,-0.010005461298667272
2769.6,0.0014360566851082629,0.12765760035240306,-0.010769969649595933
2769.7,0.0009623010814545506,0.12655731086510083,-0.011564976757676641
2769.8,0.00036868105062919104,0.12537182582264372,-0.012330993032679984
2769.8999999999996,-0.0003358747725051163,0.12410997554659248,-0.012966867035811565
2770.0,-0.001148283859561929,0.12279234147876819,-0.013361069240094626
2770.1,-0.002050613644949702,0.12144979902046599,-0.013424260568887153
2770.2,-0.002989573726408658,0.12011860905419329,-0.013122153127391697
2770.3,-0.003875847717084105,0.11883300394845923,-0.012500644642547992
2770.3999999999996,-0.004609768517205621,0.11761707783007763,-0.0116859051814005
2770.5,-0.005120815487062181,0.11647882921728868,-0.010850963499911647
2770.6,-0.005399025522356647,0.1154089987744539,-0.010159735189379864
2770.7,-0.005501008471825569,0.11438556198177072,-0.009713121887190052
2770.8,-0.0055261503703974025,0.11338211450614333,-0.009521305835154049
2770.8999999999996,-0.005570038512333331,0.11237677698229341,-0.009510232072490049
2771.0,-0.005672352211622047,0.11135860781038154,-0.009555161353020225
2771.1,-0.005788144709560512,0.11032961217167547,-0.009533193144169793
2771.2,-0.005809137797525228,0.10930136222092145,-0.009382119492148556
2771.3,-0.005628689934485059,0.1082872102069174,-0.00913354212114037
2771.3999999999996,-0.005205161441894845,0.10729400914944119,-0.008889645623729556
2771.5,-0.004580110859600968,0.10631814848499735,-0.00875648386130088
2771.6,-0.003847270289787585,0.1053479401731189,-0.00878355327448225
2771.7,-0.00310151859453913,0.10437013850190174,-0.008947985099215718
2771.8,-0.002401413511351391,0.10337623373166376,-0.009181610998339253
2771.8999999999996,-0.001762577154044981,0.10236530127414008,-0.009412018852448823
2772.0,-0.0011753244564816107,0.10134306091305592,-0.00959013454216945
2772.1,-0.0006233820252052658,0.10031900408016574,-0.009696806009631312
2772.2,-8.711632567795594e-05,0.0993032633744345,-0.009740879857484765
2772.3,0.00046175642830832003,0.09830326349103041,-0.009762058518147569
2772.3999999999996,0.001052400902269421,0.0973196823704519,-0.009835234493695706
2772.5,0.001684345562598151,0.09634275528609697,-0.010057922613644512
2772.6,0.002292918786906451,0.09535170770986995,-0.010509059304011954
2772.7,0.0027462920765749387,0.09431979776262289,-0.011194887729486734
2772.8,0.0028960432808017153,0.09322446349152036,-0.012017482623218868
2772.8999999999996,0.0026619751583197276,0.09205788616884292,-0.012798884655164149
2773.0,0.0020937965560768384,0.09083105710830373,-0.013364191664207171
2773.1,0.001358474200887459,0.08956755774038792,-0.013635815607455241
2773.2,0.0006580215833462408,0.08829093798877549,-0.01366738402582736
2773.3,0.0001373832616758219,0.08701461265344433,-0.01359224250378999
2773.3999999999996,-0.00015669690429872174,0.08574009012201353,-0.013535161027721902
2773.5,-0.00025203742788077187,0.08446177639191516,-0.01355740329461544
2773.6,-0.00019542115602180847,0.08317246026813993,-0.013663481711507684
2773.7,-1.0910710494712438e-05,0.08186528179747989,-0.013846730773122824
2773.8,0.0002984972191675859,0.08053183007816969,-0.014129692243490503
2773.8999999999996,0.0007128340692063448,0.07915939595558054,-0.014560302150483453
2774.0,0.0011655982976948608,0.07773228322446597,-0.015154954326902219
2774.1,0.001566154078378375,0.07623965311290148,-0.015835008253248253
2774.2,0.0018648790102624153,0.07468531902265337,-0.016435422841902532
2774.3,0.0020964633497617445,0.07308986379327446,-0.016811245811845697
2774.3999999999996,0.002340529570932864,0.07147982396797835,-0.01696143505738721
2774.5,0.0026136238385206885,0.06987030478333321,-0.017049667413803316
2774.6,0.002789879208227556,0.06825508760609707,-0.01728182493898925
2774.7,0.002647401205570008,0.06661374000571023,-0.017726853573792303
2774.8,0.002028806672112091,0.06493140540492533,-0.018234064203512066
2774.8999999999996,0.0009832607132211023,0.06321537582238128,-0.01853242278742243
2775.0,-0.00024182568334819008,0.06149449617858312,-0.01843466816795033
2775.1,-0.001358278809847906,0.05980210674625207,-0.0179757700943406
2775.2,-0.002216165462734404,0.05815622782880677,-0.01738547197461115
2775.3,-0.0028736600670112846,0.05655089479447326,-0.016933253560180248
2775.3999999999996,-0.0035239520761227434,0.05496264485275061,-0.01676545738256088
2775.5,-0.004346284640959848,0.053365724940316925,-0.016841556686205687
2775.6,-0.005387314694118392,0.05174538071502353,-0.016996958328200636
2775.7,-0.006545691054488002,0.050101719240083144,-0.017073154921307766
2775.8,-0.0076532639813169405,0.048443844098004445,-0.01701800823669216
2775.8999999999996,-0.008573465593774827,0.04678050083998646,-0.016887455403694948
2776.0,-0.009234974155438195,0.04511541280707985,-0.01676012144003636
2776.1,-0.009593173432772838,0.04345039713732224,-0.016652764869185196
2776.2,-0.009582632155933494,0.04179106210010631,-0.01651769494122626
2776.3,-0.009119097049988725,0.0401473343437875,-0.01631380875594056
2776.3999999999996,-0.008151804531925011,0.0385267368710962,-0.0160760669973722
2776.5,-0.00672213569369383,0.03692565051902078,-0.015922003240370002
2776.6,-0.0049855047065871716,0.03532573789076141,-0.015992584153298222
2776.7,-0.00318618554939441,0.033698558457112365,-0.01637186420960401
2776.8,-0.0015992212106253564,0.03201606875714919,-0.01703135292924
2776.8999999999996,-0.0004561234457267347,0.03026223560779347,-0.01782283273283476
2777.0,0.00012504524190287765,0.028441013972879244,-0.018524801978657503
2777.1,0.00017765763052039814,0.026577393197171104,-0.01892467728571635
2777.2,-0.00012414302612637763,0.024711062225667792,-0.01889797841299473
2777.3,-0.0005175976248900531,0.022885074561015323,-0.018451640403216084
2777.3999999999996,-0.0007266939319735034,0.02113312718879177,-0.017724309277645203
2777.5,-0.0005446754091217408,0.01946881618963692,-0.016949314917574697
2777.6,9.712344646381455e-05,0.017879937626539135,-0.016386110565948093
2777.7,0.001101563969639267,0.016330458185682694,-0.016236759748450975
2777.8,0.0022323470545867665,0.014770438439451077,-0.016578628754983823
2777.8999999999996,0.003182763316484538,0.0131509407286065,-0.01733915656533804
2778.0,0.0036668244237217807,0.011439267977223394,-0.01831508027948807
2778.1,0.0035192844158782504,0.009630127218330958,-0.01922379822071888
2778.2,0.0027802172711819807,0.007748939855917868,-0.01978327980508361
2778.3,0.0017150649601809396,0.005844536522679351,-0.019816063132300353
2778.3999999999996,0.0007308649462942947,0.003971801978647806,-0.019338315691107912
2778.5,0.0002137140818370506,0.0021701737356670777,-0.018572699710127573
2778.6,0.00037624385538967,0.00044759587466902716,-0.01786025485195676
2778.7,0.0012010416645314686,-0.0012224262584545555,-0.01751452931853246
2778.8,0.002495229274421914,-0.002890179032433049,-0.017703562206220273
2778.8999999999996,0.00399655646016518,-0.004612571668451529,-0.0184267611560732
2779.0,0.005454189949243555,-0.006439275822554153,-0.019583334593909246
2779.1,0.006651095668311011,-0.00840757871847146,-0.02105872379616169
2779.2,0.007399239104144201,-0.010542759517597634,-0.022744719393568136
2779.3,0.007564471331819088,-0.012856169155685954,-0.024488329284094078
2779.3999999999996,0.007128416464480943,-0.015338739086306181,-0.026061698960044535
2779.5,0.006226745191334278,-0.017956936619051782,-0.027224924638127458
2779.6,0.0051076187036504,-0.020658794343755185,-0.027838868905157587
2779.7,0.004023648794252648,-0.02338910114212722,-0.027930793747930456
2779.8,0.0031253451354367055,-0.026105227609317484,-0.027663040890602755
2779.8999999999996,0.0024187541023292744,-0.028784599026490946,-0.027228805271418195
2780.0,0.0018024511054364435,-0.03142024993101009,-0.026744374259474523
2780.1,0.001150155276662447,-0.03400850995142029,-0.02620521549565397
2780.2,0.0003853957408935447,-0.036537810289605635,-0.02552551763097788
2780.3,-0.0004897289704350175,-0.038985989107870656,-0.024623759139593075
2780.3999999999996,-0.0014161857673867055,-0.04132677940072396,-0.023493633536703223
2780.5,-0.0023259361461921064,-0.043539980718743355,-0.022216453752992752
2780.6,-0.0031800642415724407,-0.045618032710943605,-0.020908912044730815
2780.7,-0.003969379303784896,-0.04756447370856761,-0.019643712511794344
2780.8,-0.004677229408046369,-0.049385712455065546,-0.018404643843792003
2780.8999999999996,-0.005235392585398246,-0.05108254201100346,-0.01711403751988722
2781.0,-0.005517459128645441,-0.05264817275913098,-0.015716819584279007
2781.1,-0.005394245675052394,-0.05407531337077158,-0.014261448168751165
2781.2,-0.004825512377652142,-0.05536804828037884,-0.012910928460383105
2781.3,-0.003920278172740467,-0.05654953111638497,-0.011862304272374283
2781.3999999999996,-0.002909507372852191,-0.057658478357241125,-0.01122710628842244
2781.5,-0.0020375772660330116,-0.05873557407488701,-0.010963087198645687
2781.6,-0.001440825276802011,-0.059808694351947786,-0.010908290759561519
2781.7,-0.0010884809605407832,-0.060886522307584776,-0.010885849318610006
2781.8,-0.0008134206545887111,-0.06196362548759148,-0.010802784620753294
2781.8999999999996,-0.00040657630752493674,-0.06303267890794026,-0.010689205520670089
2782.0,0.0002761960661051013,-0.06409656486879488,-0.010674806709680903
2782.1,0.001241802904667318,-0.06517477788593501,-0.010928601761509898
2782.2,0.0023486189881260122,-0.066301989947208,-0.011583140799142745
2782.3,0.00335984727731857,-0.06751919062832266,-0.012658194012031472
2782.3999999999996,0.004042752742915879,-0.06885985983745124,-0.01401589280646188
2782.5,0.004271576397622668,-0.07033642443314261,-0.015388716159376275
2782.6,0.004082026571294634,-0.0719338950196394,-0.016487105903156666
2782.7,0.0036452802628285834,-0.07361508995846994,-0.017135467562089963
2782.8,0.0031727418190093536,-0.07533582145500137,-0.017355347809113922
2782.8999999999996,0.0028035033450247403,-0.07706263311570039,-0.017340170743015873
2783.0,0.0025386805034015177,-0.07878351292344353,-0.017332741083925286
2783.1,0.002258089761912546,-0.08050558710092946,-0.017483089945613154
2783.2,0.0017979787483757385,-0.08224225334366768,-0.017779399291233785
2783.3,0.001030833970371622,-0.0839990507003758,-0.018082720871201708
2783.3999999999996,-9.295027817786801e-05,-0.08576632721811718,-0.018212804472198654
2783.5,-0.0015386056575604089,-0.08751948187299365,-0.01801555436484457
2783.6,-0.003200628594436648,-0.08922271890906301,-0.017392043468373645
2783.7,-0.004934082006990066,-0.0908336208407478,-0.01630767554036863
2783.8,-0.006594983878746978,-0.0923084202548643,-0.014788994429588352
2783.8999999999996,-0.008059934784528173,-0.0936072007803899,-0.012901108413435322
2784.0,-0.009205670278117901,-0.09469751057091612,-0.010722845370358964
2784.1,-0.009881570525872971,-0.09555761318337846,-0.0083599716553916
2784.2,-0.009937165470438731,-0.09618244617513388,-0.005991802451316154
2784.3,-0.009308663850853958,-0.09659068087507557,-0.003872575550559625
2784.3999999999996,-0.008085397419758401,-0.09682552069226996,-0.002244117160484785
2784.5,-0.006490156987028888,-0.09694566421920686,-0.001237336058569619
2784.6,-0.004793503681136874,-0.09701232167596821,-0.0008513521888576617
2784.7,-0.003225068150270015,-0.09708003312106804,-0.0009984783180442642
2784.8,-0.0019251809345559073,-0.09719301115874082,-0.001555175733226945
2784.8999999999996,-0.0009451514403678882,-0.09738403105077406,-0.0023890060613367668
2785.0,-0.0002805492575158497,-0.09767348224506822,-0.003369633762012547
2785.1,8.907786635969322e-05,-0.09806880608968604,-0.0043760259850493975
2785.2,0.00018014385069886805,-0.09856519523657008,-0.0053018088737638224
2785.3,1.181573072984179e-05,-0.09914787225940652,-0.006065648638487608
2785.3999999999996,-0.00037674538543362127,-0.09979612378023386,-0.006628605501553138
2785.5,-0.0009150043665071981,-0.10048844817848253,-0.007000740420530295
2785.6,-0.0014968234746511092,-0.10120688073884788,-0.007225864020841404
2785.7,-0.0019843926982686735,-0.10193902472546212,-0.00736072585488504
2785.8,-0.0022345036092340197,-0.10267854060659448,-0.007470554017882045
2785.8999999999996,-0.0021553007622651,-0.10342586416976003,-0.00763649593953749
2786.0,-0.0017652453238214793,-0.1041891851531844,-0.00794634853726953
2786.1,-0.0012039509082201365,-0.10498337685195923,-0.008454878199026825
2786.2,-0.0006775657210511352,-0.10582504379356786,-0.009141063025561691
2786.3,-0.00037525191737549117,-0.10672509532973194,-0.009900552669449305
2786.3999999999996,-0.0004068803855402595,-0.10768230173460083,-0.01057640994326727
2786.5,-0.0007829694775464559,-0.10868019507280825,-0.011001225058982038
2786.6,-0.0014266642974421005,-0.10968771287732057,-0.011032235726058217
2786.7,-0.0021986964444459774,-0.11066328517366905,-0.010583238561204378
2786.8,-0.002925630584301297,-0.11156215161525093,-0.009657170336329585
2786.8999999999996,-0.0034318269600396665,-0.11234608142606134,-0.008363721196786623
2787.0,-0.003574851570165852,-0.11299291607074184,-0.00690165365862542
2787.1,-0.003278396286339202,-0.11350242160099254,-0.005508561586126852
2787.2,-0.0025546313931058603,-0.11389652111509162,-0.00440257253426549
2787.3,-0.0015098683525302291,-0.11421457716224499,-0.003737064813345818
2787.3999999999996,-0.0003293477042982154,-0.1145053802685308,-0.0035705791344205584
2787.5,0.0007637909482262637,-0.11481672668409854,-0.0038473506724024564
2787.6,0.0015741641663229453,-0.11518390030550264,-0.004400330444097306
2787.7,0.0020019721204146065,-0.11562095820517335,-0.0049989017144642395
2787.8,0.0020733243997460207,-0.11611965984133911,-0.0054376236539888725
2787.8999999999996,0.001907530626989957,-0.11665716690406265,-0.005618571098836961
2788.0,0.0016386749877508149,-0.11720797417768967,-0.005569075130864212
2788.1,0.0013437932460742283,-0.11775309269166957,-0.005383054574030984
2788.2,0.0010230623677075538,-0.11828208074638416,-0.005136213089933776
2788.3,0.0006357243098466297,-0.1187887503081088,-0.004838908610125894
2788.3999999999996,0.00015658570076083206,-0.11926536952564691,-0.004450790586011584
2788.5,-0.0003900777596527787,-0.11970028160681238,-0.003933042925941258
2788.6,-0.0009389696450954464,-0.12008050965940703,-0.0032930916839981066
2788.7,-0.001420889192583812,-0.120396955129696,-0.0025902302362191694
2788.8,-0.0017976238497176456,-0.1206480110411604,-0.0019022979733921688
2788.8999999999996,-0.0020725886930051322,-0.12083874314175998,-0.0012795483082713598
2789.0,-0.002276301560226881,-0.12097609547841452,-0.0007178076358940731
2789.1,-0.002442270615474501,-0.12106355370259506,-0.00017097288048785618
2789.2,-0.0025927626683147657,-0.12109933707831542,0.0004034455028131472
2789.3,-0.002741715502976396,-0.12107950191238293,0.0010028923331153554
2789.3999999999996,-0.002904496076561037,-0.12100297684014638,0.0015800642318082095
2789.5,-0.0031011103899357107,-0.12087397682490145,0.0020817365141721643
2789.6,-0.0033508511048952797,-0.12069999887531108,0.002489663007089644
2789.7,-0.0036643237666888423,-0.12048722550957298,0.002834570799078397
2789.8,-0.004035307209674127,-0.1202365185097627,0.0031803005271959293
2789.8999999999996,-0.004432029864887768,-0.11994242942154812,0.003590406414668885
2790.0,-0.004794839034937237,-0.1195961271593382,0.004092492802046896
2790.1,-0.005051225694503318,-0.1191909330252914,0.004659262481856025
2790.2,-0.005147234738073185,-0.11872698688301606,0.005221068718957735
2790.3,-0.005077452640095671,-0.11821196944270018,0.0057032320887195394
2790.3999999999996,-0.0048931918833678475,-0.11765795357396341,0.006063428691417683
2790.5,-0.00468204089125181,-0.11707674146250882,0.006313028302451783
2790.6,-0.00452572349921371,-0.11647523242952576,0.0065209899799406204
2790.7,-0.004454193247274159,-0.11585174260623546,0.0067900859881152185
2790.8,-0.004425664970491132,-0.11519602868724832,0.007196265560066283
2790.8999999999996,-0.004356191195096679,-0.1144955237603042,0.007723284349997511
2791.0,-0.004185608049224054,-0.11374513787142775,0.00825452335335619
2791.1,-0.003927514033600643,-0.11295308412815731,0.008647604309539115
2791.2,-0.003656005753652982,-0.11213720591827776,0.008838757692169066
2791.3,-0.003438190630056557,-0.11131440795582324,0.00888408478819966
2791.3999999999996,-0.003275171544728661,-0.11049210778836309,0.008899286896059034
2791.5,-0.00310644451170303,-0.10966855028103459,0.008957528339333666
2791.6,-0.0028716453524697547,-0.10884037308498613,0.009040352219866966
2791.7,-0.0025718076147098483,-0.1080096257825851,0.009077207708499799
2791.8,-0.0022768021387677964,-0.10718417380464376,0.009023799527553297
2791.8999999999996,-0.0020771632166999756,-0.1063721114077848,0.008904437912334293
2792.0,-0.0020249057196853495,-0.10557547271742383,0.008792013159487222
2792.1,-0.0021085788484080897,-0.1047878568332977,0.008757165345724916
2792.2,-0.002272375971161031,-0.10399684291263295,0.008831287140765427
2792.3,-0.0024560227692213233,-0.10318889129696514,0.009002402847721759
2792.3999999999996,-0.00262477651260868,-0.10235360242260536,0.009235384297628681
2792.5,-0.0027737044845118964,-0.1014853177438547,0.009498030719856916
2792.6,-0.0029118857516819115,-0.10058198554969898,0.009775908804997303
2792.7,-0.0030438143508632765,-0.09964292779707402,0.010067571496794289
2792.8,-0.0031601475953455063,-0.0986674721814453,0.010368706759547602
2792.8999999999996,-0.0032390530308963467,-0.09765519520540832,0.010663692996570686
2793.0,-0.003254710951344206,-0.09660694804865527,0.010932626557154967
2793.1,-0.0031878733060356425,-0.0955253969749379,0.011164325613964342
2793.2,-0.0030323645853786276,-0.09441463684637438,0.011361346671800162
2793.3,-0.0027948979105753423,-0.09327932773275241,0.011533908929911426
2793.3999999999996,-0.0024919059705477793,-0.0921240313376224,0.011690393104239633
2793.5,-0.002149035938767489,-0.09095292224622198,0.01183284769151473
2793.6,-0.0018029528621922657,-0.08976952393301893,0.011960493528291476
2793.7,-0.0014981170086522026,-0.08857629182007835,0.012077725360095246
2793.8,-0.0012739578951415202,-0.08737438451140296,0.012198291949579472
2793.8999999999996,-0.0011483346984655512,-0.08616389751227953,0.012339911452692082
2794.0,-0.0011085259906628397,-0.08494415896228481,0.012513348054807439
2794.1,-0.001117553324818634,-0.08371378343839242,0.01271457575118575
2794.2,-0.0011349905351206412,-0.08247086665607994,0.012925238195343988
2794.3,-0.0011400536355172198,-0.08121371260284532,0.013121062976167294
2794.3999999999996,-0.0011395065072410664,-0.07994175808761177,0.013283731794133025
2794.5,-0.0011533484299811891,-0.07865569993609935,0.013411621938268094
2794.6,-0.001190588242084391,-0.0773562214787759,0.013524283959712873
2794.7,-0.0012363791986453895,-0.07604215019907211,0.0136543148981585
2794.8,-0.001260420899308293,-0.07470967726151553,0.01382788019356846
2794.8999999999996,-0.001236443160607529,-0.0733534819800336,0.014047288539706177
2795.0,-0.0011561202294462726,-0.07196923799245376,0.014288112224828125
